sha256,group_size,batch_set,class_set,path
2c19706d3021ea359fdd3b13d35987c1726cd0678ca530c0457a248bf407d522,5,new_20260626+old_20260603,ブレース,data/raw_new_classes_20260630/extracted/1QoykPgS4pggCKbQ_8Cxebydpx7G3sdav/ブレース/e-00121.jpg
2c19706d3021ea359fdd3b13d35987c1726cd0678ca530c0457a248bf407d522,5,new_20260626+old_20260603,ブレース,data/raw_new_classes_20260630/extracted/1QoykPgS4pggCKbQ_8Cxebydpx7G3sdav/ブレース/e-00254.jpg
2c19706d3021ea359fdd3b13d35987c1726cd0678ca530c0457a248bf407d522,5,new_20260626+old_20260603,ブレース,data/raw_new_classes_20260630/extracted/1QoykPgS4pggCKbQ_8Cxebydpx7G3sdav/ブレース/e-00274.jpg
2c19706d3021ea359fdd3b13d35987c1726cd0678ca530c0457a248bf407d522,5,new_20260626+old_20260603,ブレース,"data/raw_new_classes_20260630/extracted/1uGRLTk7tVs8Lv0SOzTDRZ7Y7MNadZrtg/20260603_アノテーションモデル用データ_ブレース,柱脚/ブレース/brace_049.jpg"
2c19706d3021ea359fdd3b13d35987c1726cd0678ca530c0457a248bf407d522,5,new_20260626+old_20260603,ブレース,"data/raw_new_classes_20260630/extracted/1uGRLTk7tVs8Lv0SOzTDRZ7Y7MNadZrtg/20260603_アノテーションモデル用データ_ブレース,柱脚/ブレース/brace_069.jpg"
fb40779a4f5f29ab0799527a735bb554a4d68a5c77ffc060420052cb871b9889,5,new_20260626+old_20260603,ブレース,data/raw_new_classes_20260630/extracted/1QoykPgS4pggCKbQ_8Cxebydpx7G3sdav/ブレース/e-00122.jpg
fb40779a4f5f29ab0799527a735bb554a4d68a5c77ffc060420052cb871b9889,5,new_20260626+old_20260603,ブレース,data/raw_new_classes_20260630/extracted/1QoykPgS4pggCKbQ_8Cxebydpx7G3sdav/ブレース/e-00255.jpg
fb40779a4f5f29ab0799527a735bb554a4d68a5c77ffc060420052cb871b9889,5,new_20260626+old_20260603,ブレース,data/raw_new_classes_20260630/extracted/1QoykPgS4pggCKbQ_8Cxebydpx7G3sdav/ブレース/e-00275.jpg
fb40779a4f5f29ab0799527a735bb554a4d68a5c77ffc060420052cb871b9889,5,new_20260626+old_20260603,ブレース,"data/raw_new_classes_20260630/extracted/1uGRLTk7tVs8Lv0SOzTDRZ7Y7MNadZrtg/20260603_アノテーションモデル用データ_ブレース,柱脚/ブレース/brace_050.jpg"
fb40779a4f5f29ab0799527a735bb554a4d68a5c77ffc060420052cb871b9889,5,new_20260626+old_20260603,ブレース,"data/raw_new_classes_20260630/extracted/1uGRLTk7tVs8Lv0SOzTDRZ7Y7MNadZrtg/20260603_アノテーションモデル用データ_ブレース,柱脚/ブレース/brace_070.jpg"
1aee65c094ad083154ee8c17cbcd2722d9e27c71ac76a25560e4ee47f22ab809,4,new_20260626+old_20260603,ブレース,data/raw_new_classes_20260630/extracted/1QoykPgS4pggCKbQ_8Cxebydpx7G3sdav/ブレース/e-00209.jpg
1aee65c094ad083154ee8c17cbcd2722d9e27c71ac76a25560e4ee47f22ab809,4,new_20260626+old_20260603,ブレース,data/raw_new_classes_20260630/extracted/1QoykPgS4pggCKbQ_8Cxebydpx7G3sdav/ブレース/e-00257.jpg
1aee65c094ad083154ee8c17cbcd2722d9e27c71ac76a25560e4ee47f22ab809,4,new_20260626+old_20260603,ブレース,"data/raw_new_classes_20260630/extracted/1uGRLTk7tVs8Lv0SOzTDRZ7Y7MNadZrtg/20260603_アノテーションモデル用データ_ブレース,柱脚/ブレース/brace_003.jpg"
1aee65c094ad083154ee8c17cbcd2722d9e27c71ac76a25560e4ee47f22ab809,4,new_20260626+old_20260603,ブレース,"data/raw_new_classes_20260630/extracted/1uGRLTk7tVs8Lv0SOzTDRZ7Y7MNadZrtg/20260603_アノテーションモデル用データ_ブレース,柱脚/ブレース/brace_052.jpg"
25467bf52ec8f19fbfd684930de4bc62a9395bab3fe4c93a6054ac72a8ebc345,4,new_20260626+old_20260603,ブレース,data/raw_new_classes_20260630/extracted/1QoykPgS4pggCKbQ_8Cxebydpx7G3sdav/ブレース/e-00214.jpg
25467bf52ec8f19fbfd684930de4bc62a9395bab3fe4c93a6054ac72a8ebc345,4,new_20260626+old_20260603,ブレース,data/raw_new_classes_20260630/extracted/1QoykPgS4pggCKbQ_8Cxebydpx7G3sdav/ブレース/e-00253.jpg
25467bf52ec8f19fbfd684930de4bc62a9395bab3fe4c93a6054ac72a8ebc345,4,new_20260626+old_20260603,ブレース,"data/raw_new_classes_20260630/extracted/1uGRLTk7tVs8Lv0SOzTDRZ7Y7MNadZrtg/20260603_アノテーションモデル用データ_ブレース,柱脚/ブレース/brace_008.jpg"
25467bf52ec8f19fbfd684930de4bc62a9395bab3fe4c93a6054ac72a8ebc345,4,new_20260626+old_20260603,ブレース,"data/raw_new_classes_20260630/extracted/1uGRLTk7tVs8Lv0SOzTDRZ7Y7MNadZrtg/20260603_アノテーションモデル用データ_ブレース,柱脚/ブレース/brace_048.jpg"
29979f79e19583d94e63825f25c9de86544f94582362dc362079af7335be3e1e,4,new_20260626+old_20260603,柱脚,data/raw_new_classes_20260630/extracted/1QoykPgS4pggCKbQ_8Cxebydpx7G3sdav/柱脚/f-00211.jpg
29979f79e19583d94e63825f25c9de86544f94582362dc362079af7335be3e1e,4,new_20260626+old_20260603,柱脚,data/raw_new_classes_20260630/extracted/1QoykPgS4pggCKbQ_8Cxebydpx7G3sdav/柱脚/f-00303.jpg
29979f79e19583d94e63825f25c9de86544f94582362dc362079af7335be3e1e,4,new_20260626+old_20260603,柱脚,"data/raw_new_classes_20260630/extracted/1uGRLTk7tVs8Lv0SOzTDRZ7Y7MNadZrtg/20260603_アノテーションモデル用データ_ブレース,柱脚/柱脚/columnbase_001.jpg"
29979f79e19583d94e63825f25c9de86544f94582362dc362079af7335be3e1e,4,new_20260626+old_20260603,柱脚,"data/raw_new_classes_20260630/extracted/1uGRLTk7tVs8Lv0SOzTDRZ7Y7MNadZrtg/20260603_アノテーションモデル用データ_ブレース,柱脚/柱脚/columnbase_057.jpg"
32184a95fec304928725908f2c712b5724c66d64409b8f0f22e2e26d4d7a9883,4,new_20260626+old_20260603,柱脚,data/raw_new_classes_20260630/extracted/1QoykPgS4pggCKbQ_8Cxebydpx7G3sdav/柱脚/f-00212.jpg
32184a95fec304928725908f2c712b5724c66d64409b8f0f22e2e26d4d7a9883,4,new_20260626+old_20260603,柱脚,data/raw_new_classes_20260630/extracted/1QoykPgS4pggCKbQ_8Cxebydpx7G3sdav/柱脚/f-00304.jpg
32184a95fec304928725908f2c712b5724c66d64409b8f0f22e2e26d4d7a9883,4,new_20260626+old_20260603,柱脚,"data/raw_new_classes_20260630/extracted/1uGRLTk7tVs8Lv0SOzTDRZ7Y7MNadZrtg/20260603_アノテーションモデル用データ_ブレース,柱脚/柱脚/columnbase_002.jpg"
32184a95fec304928725908f2c712b5724c66d64409b8f0f22e2e26d4d7a9883,4,new_20260626+old_20260603,柱脚,"data/raw_new_classes_20260630/extracted/1uGRLTk7tVs8Lv0SOzTDRZ7Y7MNadZrtg/20260603_アノテーションモデル用データ_ブレース,柱脚/柱脚/columnbase_058.jpg"
4aa655526508b072b4460aea73deed503c1e248d24ff46acd23e1746186fc2c4,4,new_20260626+old_20260603,ブレース,data/raw_new_classes_20260630/extracted/1QoykPgS4pggCKbQ_8Cxebydpx7G3sdav/ブレース/e-00211.jpg
4aa655526508b072b4460aea73deed503c1e248d24ff46acd23e1746186fc2c4,4,new_20260626+old_20260603,ブレース,data/raw_new_classes_20260630/extracted/1QoykPgS4pggCKbQ_8Cxebydpx7G3sdav/ブレース/e-00250.jpg
4aa655526508b072b4460aea73deed503c1e248d24ff46acd23e1746186fc2c4,4,new_20260626+old_20260603,ブレース,"data/raw_new_classes_20260630/extracted/1uGRLTk7tVs8Lv0SOzTDRZ7Y7MNadZrtg/20260603_アノテーションモデル用データ_ブレース,柱脚/ブレース/brace_005.jpg"
4aa655526508b072b4460aea73deed503c1e248d24ff46acd23e1746186fc2c4,4,new_20260626+old_20260603,ブレース,"data/raw_new_classes_20260630/extracted/1uGRLTk7tVs8Lv0SOzTDRZ7Y7MNadZrtg/20260603_アノテーションモデル用データ_ブレース,柱脚/ブレース/brace_045.jpg"
59eb317848a81ac7f0b187d946df9b73a288d24d36542cfcd92a89a57351ebb1,4,new_20260626+old_20260603,ブレース,data/raw_new_classes_20260630/extracted/1QoykPgS4pggCKbQ_8Cxebydpx7G3sdav/ブレース/e-00212.jpg
59eb317848a81ac7f0b187d946df9b73a288d24d36542cfcd92a89a57351ebb1,4,new_20260626+old_20260603,ブレース,data/raw_new_classes_20260630/extracted/1QoykPgS4pggCKbQ_8Cxebydpx7G3sdav/ブレース/e-00251.jpg
59eb317848a81ac7f0b187d946df9b73a288d24d36542cfcd92a89a57351ebb1,4,new_20260626+old_20260603,ブレース,"data/raw_new_classes_20260630/extracted/1uGRLTk7tVs8Lv0SOzTDRZ7Y7MNadZrtg/20260603_アノテーションモデル用データ_ブレース,柱脚/ブレース/brace_006.jpg"
59eb317848a81ac7f0b187d946df9b73a288d24d36542cfcd92a89a57351ebb1,4,new_20260626+old_20260603,ブレース,"data/raw_new_classes_20260630/extracted/1uGRLTk7tVs8Lv0SOzTDRZ7Y7MNadZrtg/20260603_アノテーションモデル用データ_ブレース,柱脚/ブレース/brace_046.jpg"
7d5e3743cda894bc3807556dc151e8626ca8d957af9cc7753460156cfd1eec95,4,new_20260626+old_20260603,ブレース,data/raw_new_classes_20260630/extracted/1QoykPgS4pggCKbQ_8Cxebydpx7G3sdav/ブレース/e-00213.jpg
7d5e3743cda894bc3807556dc151e8626ca8d957af9cc7753460156cfd1eec95,4,new_20260626+old_20260603,ブレース,data/raw_new_classes_20260630/extracted/1QoykPgS4pggCKbQ_8Cxebydpx7G3sdav/ブレース/e-00252.jpg
7d5e3743cda894bc3807556dc151e8626ca8d957af9cc7753460156cfd1eec95,4,new_20260626+old_20260603,ブレース,"data/raw_new_classes_20260630/extracted/1uGRLTk7tVs8Lv0SOzTDRZ7Y7MNadZrtg/20260603_アノテーションモデル用データ_ブレース,柱脚/ブレース/brace_007.jpg"
7d5e3743cda894bc3807556dc151e8626ca8d957af9cc7753460156cfd1eec95,4,new_20260626+old_20260603,ブレース,"data/raw_new_classes_20260630/extracted/1uGRLTk7tVs8Lv0SOzTDRZ7Y7MNadZrtg/20260603_アノテーションモデル用データ_ブレース,柱脚/ブレース/brace_047.jpg"
9fcb4a8021df0f341cc86297989779a46d890855446a28ac70ee15c26ec30c6e,4,new_20260626+old_20260603,柱脚,data/raw_new_classes_20260630/extracted/1QoykPgS4pggCKbQ_8Cxebydpx7G3sdav/柱脚/f-00250.jpg
9fcb4a8021df0f341cc86297989779a46d890855446a28ac70ee15c26ec30c6e,4,new_20260626+old_20260603,柱脚,data/raw_new_classes_20260630/extracted/1QoykPgS4pggCKbQ_8Cxebydpx7G3sdav/柱脚/f-00265.jpg
9fcb4a8021df0f341cc86297989779a46d890855446a28ac70ee15c26ec30c6e,4,new_20260626+old_20260603,柱脚,"data/raw_new_classes_20260630/extracted/1uGRLTk7tVs8Lv0SOzTDRZ7Y7MNadZrtg/20260603_アノテーションモデル用データ_ブレース,柱脚/柱脚/columnbase_040.jpg"
9fcb4a8021df0f341cc86297989779a46d890855446a28ac70ee15c26ec30c6e,4,new_20260626+old_20260603,柱脚,"data/raw_new_classes_20260630/extracted/1uGRLTk7tVs8Lv0SOzTDRZ7Y7MNadZrtg/20260603_アノテーションモデル用データ_ブレース,柱脚/柱脚/columnbase_055.jpg"
12f4c8e1c7dca1ea43bd4acc476db05c374ea0a16937242ecb4440031669cc34,3,new_20260626+old_20260603,ブレース,data/raw_new_classes_20260630/extracted/1QoykPgS4pggCKbQ_8Cxebydpx7G3sdav/ブレース/e-00114.jpg
12f4c8e1c7dca1ea43bd4acc476db05c374ea0a16937242ecb4440031669cc34,3,new_20260626+old_20260603,ブレース,data/raw_new_classes_20260630/extracted/1QoykPgS4pggCKbQ_8Cxebydpx7G3sdav/ブレース/e-00244.jpg
12f4c8e1c7dca1ea43bd4acc476db05c374ea0a16937242ecb4440031669cc34,3,new_20260626+old_20260603,ブレース,"data/raw_new_classes_20260630/extracted/1uGRLTk7tVs8Lv0SOzTDRZ7Y7MNadZrtg/20260603_アノテーションモデル用データ_ブレース,柱脚/ブレース/brace_039.jpg"
18aabf84390f7c91f3a6b01bde8692497201ab7ddc411c4cc88764c915ae0b0b,3,new_20260626+old_20260603,ブレース,data/raw_new_classes_20260630/extracted/1QoykPgS4pggCKbQ_8Cxebydpx7G3sdav/ブレース/e-00120.jpg
18aabf84390f7c91f3a6b01bde8692497201ab7ddc411c4cc88764c915ae0b0b,3,new_20260626+old_20260603,ブレース,data/raw_new_classes_20260630/extracted/1QoykPgS4pggCKbQ_8Cxebydpx7G3sdav/ブレース/e-00247.jpg
18aabf84390f7c91f3a6b01bde8692497201ab7ddc411c4cc88764c915ae0b0b,3,new_20260626+old_20260603,ブレース,"data/raw_new_classes_20260630/extracted/1uGRLTk7tVs8Lv0SOzTDRZ7Y7MNadZrtg/20260603_アノテーションモデル用データ_ブレース,柱脚/ブレース/brace_042.jpg"
472ac9d824c6ef21e740c803d2f87a0dcc206cfe5383f3cc805890424a684188,3,new_20260626+old_20260603,ブレース,data/raw_new_classes_20260630/extracted/1QoykPgS4pggCKbQ_8Cxebydpx7G3sdav/ブレース/e-00355.jpg
472ac9d824c6ef21e740c803d2f87a0dcc206cfe5383f3cc805890424a684188,3,new_20260626+old_20260603,ブレース,"data/raw_new_classes_20260630/extracted/1uGRLTk7tVs8Lv0SOzTDRZ7Y7MNadZrtg/20260603_アノテーションモデル用データ_ブレース,柱脚/ブレース/brace_080.jpg"
472ac9d824c6ef21e740c803d2f87a0dcc206cfe5383f3cc805890424a684188,3,new_20260626+old_20260603,ブレース,"data/raw_new_classes_20260630/extracted/1uGRLTk7tVs8Lv0SOzTDRZ7Y7MNadZrtg/20260603_アノテーションモデル用データ_ブレース,柱脚/ブレース/brace_081.jpg"
4aef757acf1ba4668dc9782ac51a9b8c34f7b34eb195f4625ce91340d4403e66,3,new_20260626+old_20260603,ブレース,data/raw_new_classes_20260630/extracted/1QoykPgS4pggCKbQ_8Cxebydpx7G3sdav/ブレース/e-00109.jpg
4aef757acf1ba4668dc9782ac51a9b8c34f7b34eb195f4625ce91340d4403e66,3,new_20260626+old_20260603,ブレース,data/raw_new_classes_20260630/extracted/1QoykPgS4pggCKbQ_8Cxebydpx7G3sdav/ブレース/e-00249.jpg
4aef757acf1ba4668dc9782ac51a9b8c34f7b34eb195f4625ce91340d4403e66,3,new_20260626+old_20260603,ブレース,"data/raw_new_classes_20260630/extracted/1uGRLTk7tVs8Lv0SOzTDRZ7Y7MNadZrtg/20260603_アノテーションモデル用データ_ブレース,柱脚/ブレース/brace_044.jpg"
52f0710f541572156da828b9dfa06074ff12e2c2b2d33abdccdb5c837ee28a83,3,new_20260626+old_20260603,ブレース,data/raw_new_classes_20260630/extracted/1QoykPgS4pggCKbQ_8Cxebydpx7G3sdav/ブレース/e-00123.jpg
52f0710f541572156da828b9dfa06074ff12e2c2b2d33abdccdb5c837ee28a83,3,new_20260626+old_20260603,ブレース,data/raw_new_classes_20260630/extracted/1QoykPgS4pggCKbQ_8Cxebydpx7G3sdav/ブレース/e-00276.jpg
52f0710f541572156da828b9dfa06074ff12e2c2b2d33abdccdb5c837ee28a83,3,new_20260626+old_20260603,ブレース,"data/raw_new_classes_20260630/extracted/1uGRLTk7tVs8Lv0SOzTDRZ7Y7MNadZrtg/20260603_アノテーションモデル用データ_ブレース,柱脚/ブレース/brace_071.jpg"
74227fb090f232db5f30db68663f6ea09f8b99e02f9e83bc42a2bb8ad177aa68,3,new_20260626+old_20260603,ブレース,data/raw_new_classes_20260630/extracted/1QoykPgS4pggCKbQ_8Cxebydpx7G3sdav/ブレース/e-00117.jpg
74227fb090f232db5f30db68663f6ea09f8b99e02f9e83bc42a2bb8ad177aa68,3,new_20260626+old_20260603,ブレース,data/raw_new_classes_20260630/extracted/1QoykPgS4pggCKbQ_8Cxebydpx7G3sdav/ブレース/e-00246.jpg
74227fb090f232db5f30db68663f6ea09f8b99e02f9e83bc42a2bb8ad177aa68,3,new_20260626+old_20260603,ブレース,"data/raw_new_classes_20260630/extracted/1uGRLTk7tVs8Lv0SOzTDRZ7Y7MNadZrtg/20260603_アノテーションモデル用データ_ブレース,柱脚/ブレース/brace_041.jpg"
b560d9cb3e8f980fbf0f26128267a3920346cdef2a6545f463b04628f2d58ea3,3,new_20260626+old_20260603,ブレース,data/raw_new_classes_20260630/extracted/1QoykPgS4pggCKbQ_8Cxebydpx7G3sdav/ブレース/e-00111.jpg
b560d9cb3e8f980fbf0f26128267a3920346cdef2a6545f463b04628f2d58ea3,3,new_20260626+old_20260603,ブレース,data/raw_new_classes_20260630/extracted/1QoykPgS4pggCKbQ_8Cxebydpx7G3sdav/ブレース/e-00242.jpg
b560d9cb3e8f980fbf0f26128267a3920346cdef2a6545f463b04628f2d58ea3,3,new_20260626+old_20260603,ブレース,"data/raw_new_classes_20260630/extracted/1uGRLTk7tVs8Lv0SOzTDRZ7Y7MNadZrtg/20260603_アノテーションモデル用データ_ブレース,柱脚/ブレース/brace_037.jpg"
e2d30763e2cb636cb471f007e533eb87cfd5b880d562abcb870ebd571a07da12,3,new_20260626+old_20260603,ブレース,data/raw_new_classes_20260630/extracted/1QoykPgS4pggCKbQ_8Cxebydpx7G3sdav/ブレース/e-00112.jpg
e2d30763e2cb636cb471f007e533eb87cfd5b880d562abcb870ebd571a07da12,3,new_20260626+old_20260603,ブレース,data/raw_new_classes_20260630/extracted/1QoykPgS4pggCKbQ_8Cxebydpx7G3sdav/ブレース/e-00243.jpg
e2d30763e2cb636cb471f007e533eb87cfd5b880d562abcb870ebd571a07da12,3,new_20260626+old_20260603,ブレース,"data/raw_new_classes_20260630/extracted/1uGRLTk7tVs8Lv0SOzTDRZ7Y7MNadZrtg/20260603_アノテーションモデル用データ_ブレース,柱脚/ブレース/brace_038.jpg"
0123048fdbb1b5b1ce97c26c26f4121330018c69eb55e9f2005c2b1ef6a2134f,2,new_20260626+old_20260603,ブレース,data/raw_new_classes_20260630/extracted/1QoykPgS4pggCKbQ_8Cxebydpx7G3sdav/ブレース/e-00222.jpg
0123048fdbb1b5b1ce97c26c26f4121330018c69eb55e9f2005c2b1ef6a2134f,2,new_20260626+old_20260603,ブレース,"data/raw_new_classes_20260630/extracted/1uGRLTk7tVs8Lv0SOzTDRZ7Y7MNadZrtg/20260603_アノテーションモデル用データ_ブレース,柱脚/ブレース/brace_016.jpg"
029359301d97f86ceb5bd752ae0be2ab8579150f11de7799665cbdd3b40c5ef7,2,new_20260626+old_20260603,ブレース,data/raw_new_classes_20260630/extracted/1QoykPgS4pggCKbQ_8Cxebydpx7G3sdav/ブレース/e-00279.jpg
029359301d97f86ceb5bd752ae0be2ab8579150f11de7799665cbdd3b40c5ef7,2,new_20260626+old_20260603,ブレース,"data/raw_new_classes_20260630/extracted/1uGRLTk7tVs8Lv0SOzTDRZ7Y7MNadZrtg/20260603_アノテーションモデル用データ_ブレース,柱脚/ブレース/brace_074.jpg"
0325d10e129ec24113d06ad714199eb84282a1c7557559c23b113fc0060f0c34,2,new_20260626+old_20260603,柱脚,data/raw_new_classes_20260630/extracted/1QoykPgS4pggCKbQ_8Cxebydpx7G3sdav/柱脚/f-00307.jpg
0325d10e129ec24113d06ad714199eb84282a1c7557559c23b113fc0060f0c34,2,new_20260626+old_20260603,柱脚,"data/raw_new_classes_20260630/extracted/1uGRLTk7tVs8Lv0SOzTDRZ7Y7MNadZrtg/20260603_アノテーションモデル用データ_ブレース,柱脚/柱脚/columnbase_061.jpg"
03fae2c6ac73347c68560a125f3f8dcffc287510f7af152bb3d0a6c9fe445f37,2,new_20260626+old_20260603,柱脚,data/raw_new_classes_20260630/extracted/1QoykPgS4pggCKbQ_8Cxebydpx7G3sdav/柱脚/f-00218.jpg
03fae2c6ac73347c68560a125f3f8dcffc287510f7af152bb3d0a6c9fe445f37,2,new_20260626+old_20260603,柱脚,"data/raw_new_classes_20260630/extracted/1uGRLTk7tVs8Lv0SOzTDRZ7Y7MNadZrtg/20260603_アノテーションモデル用データ_ブレース,柱脚/柱脚/columnbase_008.jpg"
048325eb8232f220a1328fd0d3f437c62827671ec7ba3a7c5ac0338fbeb31ea7,2,new_20260626+old_20260603,柱脚,data/raw_new_classes_20260630/extracted/1QoykPgS4pggCKbQ_8Cxebydpx7G3sdav/柱脚/f-00256.jpg
048325eb8232f220a1328fd0d3f437c62827671ec7ba3a7c5ac0338fbeb31ea7,2,new_20260626+old_20260603,柱脚,"data/raw_new_classes_20260630/extracted/1uGRLTk7tVs8Lv0SOzTDRZ7Y7MNadZrtg/20260603_アノテーションモデル用データ_ブレース,柱脚/柱脚/columnbase_046.jpg"
048c0802a51763a17b5e3f0fed465a5b5329842e8d45ff39d0884d71bfb8c541,2,new_20260626+old_20260603,ブレース,data/raw_new_classes_20260630/extracted/1QoykPgS4pggCKbQ_8Cxebydpx7G3sdav/ブレース/e-00356.jpg
048c0802a51763a17b5e3f0fed465a5b5329842e8d45ff39d0884d71bfb8c541,2,new_20260626+old_20260603,ブレース,"data/raw_new_classes_20260630/extracted/1uGRLTk7tVs8Lv0SOzTDRZ7Y7MNadZrtg/20260603_アノテーションモデル用データ_ブレース,柱脚/ブレース/brace_082.jpg"
092aa7aeeccee53081b8f7f0953982bb315e8d4d1cb09e7f0ef92b2bf05d40a5,2,new_20260626+old_20260603,ブレース,data/raw_new_classes_20260630/extracted/1QoykPgS4pggCKbQ_8Cxebydpx7G3sdav/ブレース/e-00223.jpg
092aa7aeeccee53081b8f7f0953982bb315e8d4d1cb09e7f0ef92b2bf05d40a5,2,new_20260626+old_20260603,ブレース,"data/raw_new_classes_20260630/extracted/1uGRLTk7tVs8Lv0SOzTDRZ7Y7MNadZrtg/20260603_アノテーションモデル用データ_ブレース,柱脚/ブレース/brace_017.jpg"
0a227fcfe086630e2afd705cb22bec2b23f390db792f3ba602d40d2b34dc877c,2,new_20260626+old_20260603,柱脚,data/raw_new_classes_20260630/extracted/1QoykPgS4pggCKbQ_8Cxebydpx7G3sdav/柱脚/f-00255.jpg
0a227fcfe086630e2afd705cb22bec2b23f390db792f3ba602d40d2b34dc877c,2,new_20260626+old_20260603,柱脚,"data/raw_new_classes_20260630/extracted/1uGRLTk7tVs8Lv0SOzTDRZ7Y7MNadZrtg/20260603_アノテーションモデル用データ_ブレース,柱脚/柱脚/columnbase_045.jpg"
0fb2cbcc44adfac085862d388f0c15304c696c65b45d7f4fd8a7a8a9b76c13c1,2,new_20260626+old_20260603,ブレース,data/raw_new_classes_20260630/extracted/1QoykPgS4pggCKbQ_8Cxebydpx7G3sdav/ブレース/e-00258.jpg
0fb2cbcc44adfac085862d388f0c15304c696c65b45d7f4fd8a7a8a9b76c13c1,2,new_20260626+old_20260603,ブレース,"data/raw_new_classes_20260630/extracted/1uGRLTk7tVs8Lv0SOzTDRZ7Y7MNadZrtg/20260603_アノテーションモデル用データ_ブレース,柱脚/ブレース/brace_053.jpg"
102833e8104b59da5b426c98eda9e2a759f27001c6b27317c3871e98d0d03988,2,new_20260626+old_20260603,柱脚,data/raw_new_classes_20260630/extracted/1QoykPgS4pggCKbQ_8Cxebydpx7G3sdav/柱脚/f-00316.jpg
102833e8104b59da5b426c98eda9e2a759f27001c6b27317c3871e98d0d03988,2,new_20260626+old_20260603,柱脚,"data/raw_new_classes_20260630/extracted/1uGRLTk7tVs8Lv0SOzTDRZ7Y7MNadZrtg/20260603_アノテーションモデル用データ_ブレース,柱脚/柱脚/columnbase_070.jpg"
106041b4a01c5fc1cc685e0399d3696fec639f5896e30e50c8ca9a7246f8d5ca,2,new_20260626+old_20260603,柱脚,data/raw_new_classes_20260630/extracted/1QoykPgS4pggCKbQ_8Cxebydpx7G3sdav/柱脚/f-00232.jpg
106041b4a01c5fc1cc685e0399d3696fec639f5896e30e50c8ca9a7246f8d5ca,2,new_20260626+old_20260603,柱脚,"data/raw_new_classes_20260630/extracted/1uGRLTk7tVs8Lv0SOzTDRZ7Y7MNadZrtg/20260603_アノテーションモデル用データ_ブレース,柱脚/柱脚/columnbase_022.jpg"
109739e22628ad1aba26287cc43bc2f49351c77f36c765a1e08e6ea44af9a5cc,2,new_20260626+old_20260603,柱脚,data/raw_new_classes_20260630/extracted/1QoykPgS4pggCKbQ_8Cxebydpx7G3sdav/柱脚/f-00254.jpg
109739e22628ad1aba26287cc43bc2f49351c77f36c765a1e08e6ea44af9a5cc,2,new_20260626+old_20260603,柱脚,"data/raw_new_classes_20260630/extracted/1uGRLTk7tVs8Lv0SOzTDRZ7Y7MNadZrtg/20260603_アノテーションモデル用データ_ブレース,柱脚/柱脚/columnbase_044.jpg"
11928990d46039ef1ced32ce2a60e64f7a2741f1badcd5074edbcc612c607242,2,new_20260626+old_20260603,ブレース,data/raw_new_classes_20260630/extracted/1QoykPgS4pggCKbQ_8Cxebydpx7G3sdav/ブレース/e-00357.jpg
11928990d46039ef1ced32ce2a60e64f7a2741f1badcd5074edbcc612c607242,2,new_20260626+old_20260603,ブレース,"data/raw_new_classes_20260630/extracted/1uGRLTk7tVs8Lv0SOzTDRZ7Y7MNadZrtg/20260603_アノテーションモデル用データ_ブレース,柱脚/ブレース/brace_083.jpg"
13cb646acf40d836b3e7fe3800a55db9dc69d55abd83f0d94fb70e8155047a66,2,new_20260626+old_20260603,ブレース,data/raw_new_classes_20260630/extracted/1QoykPgS4pggCKbQ_8Cxebydpx7G3sdav/ブレース/e-00228.jpg
13cb646acf40d836b3e7fe3800a55db9dc69d55abd83f0d94fb70e8155047a66,2,new_20260626+old_20260603,ブレース,"data/raw_new_classes_20260630/extracted/1uGRLTk7tVs8Lv0SOzTDRZ7Y7MNadZrtg/20260603_アノテーションモデル用データ_ブレース,柱脚/ブレース/brace_022.jpg"
187003b2a5790c722cb9ed4097e6bd44e054bebb319ac4d703ff934b0dc02a39,2,new_20260626+old_20260603,ブレース,data/raw_new_classes_20260630/extracted/1QoykPgS4pggCKbQ_8Cxebydpx7G3sdav/ブレース/e-00379.jpg
187003b2a5790c722cb9ed4097e6bd44e054bebb319ac4d703ff934b0dc02a39,2,new_20260626+old_20260603,ブレース,"data/raw_new_classes_20260630/extracted/1uGRLTk7tVs8Lv0SOzTDRZ7Y7MNadZrtg/20260603_アノテーションモデル用データ_ブレース,柱脚/ブレース/brace_106.jpg"
1943ba6b0219590a7fd6f18dc39fed6656039fbcfb03acfed2e458a650532ae8,2,new_20260626,柱脚,data/raw_new_classes_20260630/extracted/1QoykPgS4pggCKbQ_8Cxebydpx7G3sdav/柱脚/f-00022.jpg
1943ba6b0219590a7fd6f18dc39fed6656039fbcfb03acfed2e458a650532ae8,2,new_20260626,柱脚,data/raw_new_classes_20260630/extracted/1QoykPgS4pggCKbQ_8Cxebydpx7G3sdav/柱脚/f-00023.jpg
1d4e8a9629b25cf4fb84d598e5b24a27bca6acd099e9ba67074633115b6ec39e,2,new_20260626+old_20260603,柱脚,data/raw_new_classes_20260630/extracted/1QoykPgS4pggCKbQ_8Cxebydpx7G3sdav/柱脚/f-00306.jpg
1d4e8a9629b25cf4fb84d598e5b24a27bca6acd099e9ba67074633115b6ec39e,2,new_20260626+old_20260603,柱脚,"data/raw_new_classes_20260630/extracted/1uGRLTk7tVs8Lv0SOzTDRZ7Y7MNadZrtg/20260603_アノテーションモデル用データ_ブレース,柱脚/柱脚/columnbase_060.jpg"
1d98926e4e42ac641d8ca7381051c43a883357aa3c0152e46d3dedaba68a793a,2,new_20260626+old_20260603,柱脚,data/raw_new_classes_20260630/extracted/1QoykPgS4pggCKbQ_8Cxebydpx7G3sdav/柱脚/f-00213.jpg
1d98926e4e42ac641d8ca7381051c43a883357aa3c0152e46d3dedaba68a793a,2,new_20260626+old_20260603,柱脚,"data/raw_new_classes_20260630/extracted/1uGRLTk7tVs8Lv0SOzTDRZ7Y7MNadZrtg/20260603_アノテーションモデル用データ_ブレース,柱脚/柱脚/columnbase_003.jpg"
1def05a2c3d9388c2d85e32fb154fded3baa9e849fc52a742eb132b4fd8fdf88,2,new_20260626+old_20260603,柱脚,data/raw_new_classes_20260630/extracted/1QoykPgS4pggCKbQ_8Cxebydpx7G3sdav/柱脚/f-00237.jpg
1def05a2c3d9388c2d85e32fb154fded3baa9e849fc52a742eb132b4fd8fdf88,2,new_20260626+old_20260603,柱脚,"data/raw_new_classes_20260630/extracted/1uGRLTk7tVs8Lv0SOzTDRZ7Y7MNadZrtg/20260603_アノテーションモデル用データ_ブレース,柱脚/柱脚/columnbase_027.jpg"
1f1fb367651aeb089324b2fca6099c32819d3ee2277fe9255a42e3f475b06744,2,new_20260626+old_20260603,柱脚,data/raw_new_classes_20260630/extracted/1QoykPgS4pggCKbQ_8Cxebydpx7G3sdav/柱脚/f-00223.jpg
1f1fb367651aeb089324b2fca6099c32819d3ee2277fe9255a42e3f475b06744,2,new_20260626+old_20260603,柱脚,"data/raw_new_classes_20260630/extracted/1uGRLTk7tVs8Lv0SOzTDRZ7Y7MNadZrtg/20260603_アノテーションモデル用データ_ブレース,柱脚/柱脚/columnbase_013.jpg"
20cd37b7e026db00dc3ed70964f4d5d1156a4a3d98165ac7dfbf5dbb8b38a704,2,new_20260626+old_20260603,ブレース,data/raw_new_classes_20260630/extracted/1QoykPgS4pggCKbQ_8Cxebydpx7G3sdav/ブレース/e-00269.jpg
20cd37b7e026db00dc3ed70964f4d5d1156a4a3d98165ac7dfbf5dbb8b38a704,2,new_20260626+old_20260603,ブレース,"data/raw_new_classes_20260630/extracted/1uGRLTk7tVs8Lv0SOzTDRZ7Y7MNadZrtg/20260603_アノテーションモデル用データ_ブレース,柱脚/ブレース/brace_064.jpg"
20fc8d45e2e983f62c289a99aace92b2de7214818238753c6c09a0a410ce2062,2,new_20260626+old_20260603,柱脚,data/raw_new_classes_20260630/extracted/1QoykPgS4pggCKbQ_8Cxebydpx7G3sdav/柱脚/f-00230.jpg
20fc8d45e2e983f62c289a99aace92b2de7214818238753c6c09a0a410ce2062,2,new_20260626+old_20260603,柱脚,"data/raw_new_classes_20260630/extracted/1uGRLTk7tVs8Lv0SOzTDRZ7Y7MNadZrtg/20260603_アノテーションモデル用データ_ブレース,柱脚/柱脚/columnbase_020.jpg"
2303b4bc36f6f54ec6fb7dbc2779b4f211d7a9a1f94cb83497198380ffa6e03e,2,new_20260626+old_20260603,ブレース,data/raw_new_classes_20260630/extracted/1QoykPgS4pggCKbQ_8Cxebydpx7G3sdav/ブレース/e-00271.jpg
2303b4bc36f6f54ec6fb7dbc2779b4f211d7a9a1f94cb83497198380ffa6e03e,2,new_20260626+old_20260603,ブレース,"data/raw_new_classes_20260630/extracted/1uGRLTk7tVs8Lv0SOzTDRZ7Y7MNadZrtg/20260603_アノテーションモデル用データ_ブレース,柱脚/ブレース/brace_066.jpg"
2314b31d54af358a966afb88fba299b1fe055f50301af2354b20b23ff89c1779,2,new_20260626+old_20260603,柱脚,data/raw_new_classes_20260630/extracted/1QoykPgS4pggCKbQ_8Cxebydpx7G3sdav/柱脚/f-00242.jpg
2314b31d54af358a966afb88fba299b1fe055f50301af2354b20b23ff89c1779,2,new_20260626+old_20260603,柱脚,"data/raw_new_classes_20260630/extracted/1uGRLTk7tVs8Lv0SOzTDRZ7Y7MNadZrtg/20260603_アノテーションモデル用データ_ブレース,柱脚/柱脚/columnbase_032.jpg"
2396837ecc165e6e729f72c470f1cefa14375826f0a23d734cf282e36be116c9,2,new_20260626+old_20260603,ブレース,data/raw_new_classes_20260630/extracted/1QoykPgS4pggCKbQ_8Cxebydpx7G3sdav/ブレース/e-00362.jpg
2396837ecc165e6e729f72c470f1cefa14375826f0a23d734cf282e36be116c9,2,new_20260626+old_20260603,ブレース,"data/raw_new_classes_20260630/extracted/1uGRLTk7tVs8Lv0SOzTDRZ7Y7MNadZrtg/20260603_アノテーションモデル用データ_ブレース,柱脚/ブレース/brace_089.jpg"
240e5ced59114576dca671fcb410287875e16bc37f6fe4d41c661e77faab6db5,2,new_20260626+old_20260603,ブレース,data/raw_new_classes_20260630/extracted/1QoykPgS4pggCKbQ_8Cxebydpx7G3sdav/ブレース/e-00360.jpg
240e5ced59114576dca671fcb410287875e16bc37f6fe4d41c661e77faab6db5,2,new_20260626+old_20260603,ブレース,"data/raw_new_classes_20260630/extracted/1uGRLTk7tVs8Lv0SOzTDRZ7Y7MNadZrtg/20260603_アノテーションモデル用データ_ブレース,柱脚/ブレース/brace_087.jpg"
24807bdeab6328efd4023c1fc2176e6af9eec54924cb3288c551b4b3af682429,2,new_20260626+old_20260603,ブレース,data/raw_new_classes_20260630/extracted/1QoykPgS4pggCKbQ_8Cxebydpx7G3sdav/ブレース/e-00225.jpg
24807bdeab6328efd4023c1fc2176e6af9eec54924cb3288c551b4b3af682429,2,new_20260626+old_20260603,ブレース,"data/raw_new_classes_20260630/extracted/1uGRLTk7tVs8Lv0SOzTDRZ7Y7MNadZrtg/20260603_アノテーションモデル用データ_ブレース,柱脚/ブレース/brace_019.jpg"
2519a68b305f79888053b14dc7692e069414113ab66dd535d70518a1bb605a20,2,new_20260626+old_20260603,柱脚,data/raw_new_classes_20260630/extracted/1QoykPgS4pggCKbQ_8Cxebydpx7G3sdav/柱脚/f-00243.jpg
2519a68b305f79888053b14dc7692e069414113ab66dd535d70518a1bb605a20,2,new_20260626+old_20260603,柱脚,"data/raw_new_classes_20260630/extracted/1uGRLTk7tVs8Lv0SOzTDRZ7Y7MNadZrtg/20260603_アノテーションモデル用データ_ブレース,柱脚/柱脚/columnbase_033.jpg"
259891cfe44917fdb11521e179dce472f2c9ae712a1da9493728b54ef1a1d507,2,new_20260626+old_20260603,柱脚,data/raw_new_classes_20260630/extracted/1QoykPgS4pggCKbQ_8Cxebydpx7G3sdav/柱脚/f-00325.jpg
259891cfe44917fdb11521e179dce472f2c9ae712a1da9493728b54ef1a1d507,2,new_20260626+old_20260603,柱脚,"data/raw_new_classes_20260630/extracted/1uGRLTk7tVs8Lv0SOzTDRZ7Y7MNadZrtg/20260603_アノテーションモデル用データ_ブレース,柱脚/柱脚/columnbase_079.jpg"
25e65d63f15e7bd56898aab8bd5c562070725301fc6d3e37a5b25650968a69a2,2,new_20260626+old_20260603,柱脚,data/raw_new_classes_20260630/extracted/1QoykPgS4pggCKbQ_8Cxebydpx7G3sdav/柱脚/f-00258.jpg
25e65d63f15e7bd56898aab8bd5c562070725301fc6d3e37a5b25650968a69a2,2,new_20260626+old_20260603,柱脚,"data/raw_new_classes_20260630/extracted/1uGRLTk7tVs8Lv0SOzTDRZ7Y7MNadZrtg/20260603_アノテーションモデル用データ_ブレース,柱脚/柱脚/columnbase_048.jpg"
26b17fddfc68cf3472d44a322884e9f667cbf16fdf8ca1258d150107cae089cf,2,new_20260626+old_20260603,柱脚,data/raw_new_classes_20260630/extracted/1QoykPgS4pggCKbQ_8Cxebydpx7G3sdav/柱脚/f-00305.jpg
26b17fddfc68cf3472d44a322884e9f667cbf16fdf8ca1258d150107cae089cf,2,new_20260626+old_20260603,柱脚,"data/raw_new_classes_20260630/extracted/1uGRLTk7tVs8Lv0SOzTDRZ7Y7MNadZrtg/20260603_アノテーションモデル用データ_ブレース,柱脚/柱脚/columnbase_059.jpg"
271dba92b12524e6f29831af5c1d9a60ebc20a9972b2dd85b8af7c18951131bb,2,new_20260626+old_20260603,柱脚,data/raw_new_classes_20260630/extracted/1QoykPgS4pggCKbQ_8Cxebydpx7G3sdav/柱脚/f-00217.jpg
271dba92b12524e6f29831af5c1d9a60ebc20a9972b2dd85b8af7c18951131bb,2,new_20260626+old_20260603,柱脚,"data/raw_new_classes_20260630/extracted/1uGRLTk7tVs8Lv0SOzTDRZ7Y7MNadZrtg/20260603_アノテーションモデル用データ_ブレース,柱脚/柱脚/columnbase_007.jpg"
28905e8fd4382e29095098e38eab827eacaac31393ebf2bffa09ae71bf941a44,2,new_20260626+old_20260603,柱脚,data/raw_new_classes_20260630/extracted/1QoykPgS4pggCKbQ_8Cxebydpx7G3sdav/柱脚/f-00264.jpg
28905e8fd4382e29095098e38eab827eacaac31393ebf2bffa09ae71bf941a44,2,new_20260626+old_20260603,柱脚,"data/raw_new_classes_20260630/extracted/1uGRLTk7tVs8Lv0SOzTDRZ7Y7MNadZrtg/20260603_アノテーションモデル用データ_ブレース,柱脚/柱脚/columnbase_054.jpg"
2a2632cdda4bed3fa2ed11927838e2eb51795e50a700b9fc5eff75adc816c6a9,2,new_20260626+old_20260603,ブレース,data/raw_new_classes_20260630/extracted/1QoykPgS4pggCKbQ_8Cxebydpx7G3sdav/ブレース/e-00248.jpg
2a2632cdda4bed3fa2ed11927838e2eb51795e50a700b9fc5eff75adc816c6a9,2,new_20260626+old_20260603,ブレース,"data/raw_new_classes_20260630/extracted/1uGRLTk7tVs8Lv0SOzTDRZ7Y7MNadZrtg/20260603_アノテーションモデル用データ_ブレース,柱脚/ブレース/brace_043.jpg"
2c1dcbe415c4186842a29624b69c48013fce4f23b92dbdc68c7ca9929a8e0519,2,new_20260626+old_20260603,ブレース,data/raw_new_classes_20260630/extracted/1QoykPgS4pggCKbQ_8Cxebydpx7G3sdav/ブレース/e-00237.jpg
2c1dcbe415c4186842a29624b69c48013fce4f23b92dbdc68c7ca9929a8e0519,2,new_20260626+old_20260603,ブレース,"data/raw_new_classes_20260630/extracted/1uGRLTk7tVs8Lv0SOzTDRZ7Y7MNadZrtg/20260603_アノテーションモデル用データ_ブレース,柱脚/ブレース/brace_032.jpg"
2c8d1a64fd6be5d3aa678896ddc72e1bb902331c58f3115f7eebc967493f4578,2,new_20260626+old_20260603,ブレース,data/raw_new_classes_20260630/extracted/1QoykPgS4pggCKbQ_8Cxebydpx7G3sdav/ブレース/e-00378.jpg
2c8d1a64fd6be5d3aa678896ddc72e1bb902331c58f3115f7eebc967493f4578,2,new_20260626+old_20260603,ブレース,"data/raw_new_classes_20260630/extracted/1uGRLTk7tVs8Lv0SOzTDRZ7Y7MNadZrtg/20260603_アノテーションモデル用データ_ブレース,柱脚/ブレース/brace_105.jpg"
3495b3e2d94d136373babc9410e0f5dd6e19a59a2560ffcfe9e346ba38da8296,2,new_20260626+old_20260603,ブレース,data/raw_new_classes_20260630/extracted/1QoykPgS4pggCKbQ_8Cxebydpx7G3sdav/ブレース/e-00358.jpg
3495b3e2d94d136373babc9410e0f5dd6e19a59a2560ffcfe9e346ba38da8296,2,new_20260626+old_20260603,ブレース,"data/raw_new_classes_20260630/extracted/1uGRLTk7tVs8Lv0SOzTDRZ7Y7MNadZrtg/20260603_アノテーションモデル用データ_ブレース,柱脚/ブレース/brace_084.jpg"
36ebdfd4331e6c64bc947775e4cbb7fff248a92b01768b9df36f3bac4698ddb0,2,new_20260626+old_20260603,柱脚,data/raw_new_classes_20260630/extracted/1QoykPgS4pggCKbQ_8Cxebydpx7G3sdav/柱脚/f-00236.jpg
36ebdfd4331e6c64bc947775e4cbb7fff248a92b01768b9df36f3bac4698ddb0,2,new_20260626+old_20260603,柱脚,"data/raw_new_classes_20260630/extracted/1uGRLTk7tVs8Lv0SOzTDRZ7Y7MNadZrtg/20260603_アノテーションモデル用データ_ブレース,柱脚/柱脚/columnbase_026.jpg"
3834b24bf939cc49237ffe875ea94fc6942f62bb1e175b8b66f0f3578fa00aa4,2,new_20260626+old_20260603,柱脚,data/raw_new_classes_20260630/extracted/1QoykPgS4pggCKbQ_8Cxebydpx7G3sdav/柱脚/f-00308.jpg
3834b24bf939cc49237ffe875ea94fc6942f62bb1e175b8b66f0f3578fa00aa4,2,new_20260626+old_20260603,柱脚,"data/raw_new_classes_20260630/extracted/1uGRLTk7tVs8Lv0SOzTDRZ7Y7MNadZrtg/20260603_アノテーションモデル用データ_ブレース,柱脚/柱脚/columnbase_062.jpg"
38480fded9511ca30d20151e5583e72a70af73166273590e0c9ce0c93563e8a1,2,new_20260626+old_20260603,柱脚,data/raw_new_classes_20260630/extracted/1QoykPgS4pggCKbQ_8Cxebydpx7G3sdav/柱脚/f-00225.jpg
38480fded9511ca30d20151e5583e72a70af73166273590e0c9ce0c93563e8a1,2,new_20260626+old_20260603,柱脚,"data/raw_new_classes_20260630/extracted/1uGRLTk7tVs8Lv0SOzTDRZ7Y7MNadZrtg/20260603_アノテーションモデル用データ_ブレース,柱脚/柱脚/columnbase_015.jpg"
38e4061475386de98893408905c0a5394d9ffcfc1dda790ea1dd5ed1ae14b50a,2,new_20260626+old_20260603,ブレース,data/raw_new_classes_20260630/extracted/1QoykPgS4pggCKbQ_8Cxebydpx7G3sdav/ブレース/e-00354.jpg
38e4061475386de98893408905c0a5394d9ffcfc1dda790ea1dd5ed1ae14b50a,2,new_20260626+old_20260603,ブレース,"data/raw_new_classes_20260630/extracted/1uGRLTk7tVs8Lv0SOzTDRZ7Y7MNadZrtg/20260603_アノテーションモデル用データ_ブレース,柱脚/ブレース/brace_079.jpg"
3c09375f1d7a69fb65c5209bac224498a5e405e865649e1c2d88816f5f1602b5,2,new_20260626+old_20260603,柱脚,data/raw_new_classes_20260630/extracted/1QoykPgS4pggCKbQ_8Cxebydpx7G3sdav/柱脚/f-00231.jpg
3c09375f1d7a69fb65c5209bac224498a5e405e865649e1c2d88816f5f1602b5,2,new_20260626+old_20260603,柱脚,"data/raw_new_classes_20260630/extracted/1uGRLTk7tVs8Lv0SOzTDRZ7Y7MNadZrtg/20260603_アノテーションモデル用データ_ブレース,柱脚/柱脚/columnbase_021.jpg"
3cc82093d2d0f4c7e8be954126cca2f7cfc455fdc8b88a65eb0a0e42c6393112,2,new_20260626+old_20260603,ブレース,data/raw_new_classes_20260630/extracted/1QoykPgS4pggCKbQ_8Cxebydpx7G3sdav/ブレース/e-00366.jpg
3cc82093d2d0f4c7e8be954126cca2f7cfc455fdc8b88a65eb0a0e42c6393112,2,new_20260626+old_20260603,ブレース,"data/raw_new_classes_20260630/extracted/1uGRLTk7tVs8Lv0SOzTDRZ7Y7MNadZrtg/20260603_アノテーションモデル用データ_ブレース,柱脚/ブレース/brace_093.jpg"
3cd496eedb5f5133e27037ffd9708399757126a4420e4474b6e771b516b94f7c,2,new_20260626+old_20260603,ブレース,data/raw_new_classes_20260630/extracted/1QoykPgS4pggCKbQ_8Cxebydpx7G3sdav/ブレース/e-00282.jpg
3cd496eedb5f5133e27037ffd9708399757126a4420e4474b6e771b516b94f7c,2,new_20260626+old_20260603,ブレース,"data/raw_new_classes_20260630/extracted/1uGRLTk7tVs8Lv0SOzTDRZ7Y7MNadZrtg/20260603_アノテーションモデル用データ_ブレース,柱脚/ブレース/brace_077.jpg"
3fbf6b044388bf12ef5c74bd39216e44837c3614751e6e35573ca2c6a9915340,2,new_20260626+old_20260603,柱脚,data/raw_new_classes_20260630/extracted/1QoykPgS4pggCKbQ_8Cxebydpx7G3sdav/柱脚/f-00323.jpg
3fbf6b044388bf12ef5c74bd39216e44837c3614751e6e35573ca2c6a9915340,2,new_20260626+old_20260603,柱脚,"data/raw_new_classes_20260630/extracted/1uGRLTk7tVs8Lv0SOzTDRZ7Y7MNadZrtg/20260603_アノテーションモデル用データ_ブレース,柱脚/柱脚/columnbase_077.jpg"
4050d09a122745c5f56de77f585a2881096114f0a0244e9e1ecb5fcfb851aabf,2,new_20260626+old_20260603,柱脚,data/raw_new_classes_20260630/extracted/1QoykPgS4pggCKbQ_8Cxebydpx7G3sdav/柱脚/f-00324.jpg
4050d09a122745c5f56de77f585a2881096114f0a0244e9e1ecb5fcfb851aabf,2,new_20260626+old_20260603,柱脚,"data/raw_new_classes_20260630/extracted/1uGRLTk7tVs8Lv0SOzTDRZ7Y7MNadZrtg/20260603_アノテーションモデル用データ_ブレース,柱脚/柱脚/columnbase_078.jpg"
40b40994e6a23f4754e1114e18f7789eec2bf2f9aad0e4dc0675e02b272b2edb,2,new_20260626+old_20260603,ブレース,data/raw_new_classes_20260630/extracted/1QoykPgS4pggCKbQ_8Cxebydpx7G3sdav/ブレース/e-00216.jpg
40b40994e6a23f4754e1114e18f7789eec2bf2f9aad0e4dc0675e02b272b2edb,2,new_20260626+old_20260603,ブレース,"data/raw_new_classes_20260630/extracted/1uGRLTk7tVs8Lv0SOzTDRZ7Y7MNadZrtg/20260603_アノテーションモデル用データ_ブレース,柱脚/ブレース/brace_010.jpg"
40c63158240b2b560252b3279fe81269e772024138e1232eedaa1353c4c0366f,2,new_20260626+old_20260603,柱脚,data/raw_new_classes_20260630/extracted/1QoykPgS4pggCKbQ_8Cxebydpx7G3sdav/柱脚/f-00315.jpg
40c63158240b2b560252b3279fe81269e772024138e1232eedaa1353c4c0366f,2,new_20260626+old_20260603,柱脚,"data/raw_new_classes_20260630/extracted/1uGRLTk7tVs8Lv0SOzTDRZ7Y7MNadZrtg/20260603_アノテーションモデル用データ_ブレース,柱脚/柱脚/columnbase_069.jpg"
426c4295cc1c28bba1cf83f0dda08ad15834e1ca79c7b1a9ea426b3be7eba7f6,2,new_20260626+old_20260603,ブレース,data/raw_new_classes_20260630/extracted/1QoykPgS4pggCKbQ_8Cxebydpx7G3sdav/ブレース/e-00268.jpg
426c4295cc1c28bba1cf83f0dda08ad15834e1ca79c7b1a9ea426b3be7eba7f6,2,new_20260626+old_20260603,ブレース,"data/raw_new_classes_20260630/extracted/1uGRLTk7tVs8Lv0SOzTDRZ7Y7MNadZrtg/20260603_アノテーションモデル用データ_ブレース,柱脚/ブレース/brace_063.jpg"
4500408c613295c7b4ae044778ee4d9bd1624c17415e1a0051327aab76b09c2e,2,new_20260626+old_20260603,柱脚,data/raw_new_classes_20260630/extracted/1QoykPgS4pggCKbQ_8Cxebydpx7G3sdav/柱脚/f-00248.jpg
4500408c613295c7b4ae044778ee4d9bd1624c17415e1a0051327aab76b09c2e,2,new_20260626+old_20260603,柱脚,"data/raw_new_classes_20260630/extracted/1uGRLTk7tVs8Lv0SOzTDRZ7Y7MNadZrtg/20260603_アノテーションモデル用データ_ブレース,柱脚/柱脚/columnbase_038.jpg"
486e3c065e32fbda43c65624e01d96476b643c9da91bc94176666541d2e371ac,2,new_20260626+old_20260603,ブレース,data/raw_new_classes_20260630/extracted/1QoykPgS4pggCKbQ_8Cxebydpx7G3sdav/ブレース/e-00215.jpg
486e3c065e32fbda43c65624e01d96476b643c9da91bc94176666541d2e371ac,2,new_20260626+old_20260603,ブレース,"data/raw_new_classes_20260630/extracted/1uGRLTk7tVs8Lv0SOzTDRZ7Y7MNadZrtg/20260603_アノテーションモデル用データ_ブレース,柱脚/ブレース/brace_009.jpg"
4bcd0e8d4b9ebe269bede50933e92bffe02ce4ab6089e38310bd294a24052b38,2,new_20260626+old_20260603,柱脚,data/raw_new_classes_20260630/extracted/1QoykPgS4pggCKbQ_8Cxebydpx7G3sdav/柱脚/f-00257.jpg
4bcd0e8d4b9ebe269bede50933e92bffe02ce4ab6089e38310bd294a24052b38,2,new_20260626+old_20260603,柱脚,"data/raw_new_classes_20260630/extracted/1uGRLTk7tVs8Lv0SOzTDRZ7Y7MNadZrtg/20260603_アノテーションモデル用データ_ブレース,柱脚/柱脚/columnbase_047.jpg"
4c29c0a8396bcd28a3574076666cc58e2b5019e15272ccd092d0653c384a4b3a,2,new_20260626+old_20260603,柱脚,data/raw_new_classes_20260630/extracted/1QoykPgS4pggCKbQ_8Cxebydpx7G3sdav/柱脚/f-00262.jpg
4c29c0a8396bcd28a3574076666cc58e2b5019e15272ccd092d0653c384a4b3a,2,new_20260626+old_20260603,柱脚,"data/raw_new_classes_20260630/extracted/1uGRLTk7tVs8Lv0SOzTDRZ7Y7MNadZrtg/20260603_アノテーションモデル用データ_ブレース,柱脚/柱脚/columnbase_052.jpg"
4e3af0005fc5e7d7d1c61cdd7b215670ecf2a47d78eb2d53011f4ea7c0194efd,2,new_20260626+old_20260603,ブレース,data/raw_new_classes_20260630/extracted/1QoykPgS4pggCKbQ_8Cxebydpx7G3sdav/ブレース/e-00245.jpg
4e3af0005fc5e7d7d1c61cdd7b215670ecf2a47d78eb2d53011f4ea7c0194efd,2,new_20260626+old_20260603,ブレース,"data/raw_new_classes_20260630/extracted/1uGRLTk7tVs8Lv0SOzTDRZ7Y7MNadZrtg/20260603_アノテーションモデル用データ_ブレース,柱脚/ブレース/brace_040.jpg"
4e5f3fac076c1456d7451460545a49bb09287b3b0b56c859822a56782ea17cef,2,new_20260626+old_20260603,ブレース,data/raw_new_classes_20260630/extracted/1QoykPgS4pggCKbQ_8Cxebydpx7G3sdav/ブレース/e-00363.jpg
4e5f3fac076c1456d7451460545a49bb09287b3b0b56c859822a56782ea17cef,2,new_20260626+old_20260603,ブレース,"data/raw_new_classes_20260630/extracted/1uGRLTk7tVs8Lv0SOzTDRZ7Y7MNadZrtg/20260603_アノテーションモデル用データ_ブレース,柱脚/ブレース/brace_090.jpg"
4e7a72df934ad599b1bded19a9bda07ce1a8f96c8fedc8077fb2b41d26a4babb,2,new_20260626+old_20260603,柱脚,data/raw_new_classes_20260630/extracted/1QoykPgS4pggCKbQ_8Cxebydpx7G3sdav/柱脚/f-00311.jpg
4e7a72df934ad599b1bded19a9bda07ce1a8f96c8fedc8077fb2b41d26a4babb,2,new_20260626+old_20260603,柱脚,"data/raw_new_classes_20260630/extracted/1uGRLTk7tVs8Lv0SOzTDRZ7Y7MNadZrtg/20260603_アノテーションモデル用データ_ブレース,柱脚/柱脚/columnbase_065.jpg"
508bd93584b7bb8d9b92fbf4c9d5c31359a46e0f9df487fdfff82b6c3e313661,2,new_20260626+old_20260603,ブレース,data/raw_new_classes_20260630/extracted/1QoykPgS4pggCKbQ_8Cxebydpx7G3sdav/ブレース/e-00221.jpg
508bd93584b7bb8d9b92fbf4c9d5c31359a46e0f9df487fdfff82b6c3e313661,2,new_20260626+old_20260603,ブレース,"data/raw_new_classes_20260630/extracted/1uGRLTk7tVs8Lv0SOzTDRZ7Y7MNadZrtg/20260603_アノテーションモデル用データ_ブレース,柱脚/ブレース/brace_015.jpg"
510f78bbb6f61f3b70f833f45175bcd0a08b6529872feb9c6cdaac9a47d47bd7,2,new_20260626+old_20260603,ブレース,data/raw_new_classes_20260630/extracted/1QoykPgS4pggCKbQ_8Cxebydpx7G3sdav/ブレース/e-00262.jpg
510f78bbb6f61f3b70f833f45175bcd0a08b6529872feb9c6cdaac9a47d47bd7,2,new_20260626+old_20260603,ブレース,"data/raw_new_classes_20260630/extracted/1uGRLTk7tVs8Lv0SOzTDRZ7Y7MNadZrtg/20260603_アノテーションモデル用データ_ブレース,柱脚/ブレース/brace_057.jpg"
5247b1cce1ad08263b89984d7694a646971b35f2a026d88962943f63bed0a02a,2,new_20260626+old_20260603,柱脚,data/raw_new_classes_20260630/extracted/1QoykPgS4pggCKbQ_8Cxebydpx7G3sdav/柱脚/f-00253.jpg
5247b1cce1ad08263b89984d7694a646971b35f2a026d88962943f63bed0a02a,2,new_20260626+old_20260603,柱脚,"data/raw_new_classes_20260630/extracted/1uGRLTk7tVs8Lv0SOzTDRZ7Y7MNadZrtg/20260603_アノテーションモデル用データ_ブレース,柱脚/柱脚/columnbase_043.jpg"
5255634d16faa8a2caf8d84f81325478a927988735b3d1de05aac48c8b4bcb28,2,new_20260626+old_20260603,ブレース,data/raw_new_classes_20260630/extracted/1QoykPgS4pggCKbQ_8Cxebydpx7G3sdav/ブレース/e-00264.jpg
5255634d16faa8a2caf8d84f81325478a927988735b3d1de05aac48c8b4bcb28,2,new_20260626+old_20260603,ブレース,"data/raw_new_classes_20260630/extracted/1uGRLTk7tVs8Lv0SOzTDRZ7Y7MNadZrtg/20260603_アノテーションモデル用データ_ブレース,柱脚/ブレース/brace_059.jpg"
532b1a1adcf64d8608fe22cca31cd6fde9ef1a0858ba6cb982254abffa29979c,2,new_20260626+old_20260603,柱脚,data/raw_new_classes_20260630/extracted/1QoykPgS4pggCKbQ_8Cxebydpx7G3sdav/柱脚/f-00235.jpg
532b1a1adcf64d8608fe22cca31cd6fde9ef1a0858ba6cb982254abffa29979c,2,new_20260626+old_20260603,柱脚,"data/raw_new_classes_20260630/extracted/1uGRLTk7tVs8Lv0SOzTDRZ7Y7MNadZrtg/20260603_アノテーションモデル用データ_ブレース,柱脚/柱脚/columnbase_025.jpg"
544c0b96378ccd23c31e45e52329d054bac1e3f430b7be883de14ab95a959568,2,new_20260626+old_20260603,ブレース,data/raw_new_classes_20260630/extracted/1QoykPgS4pggCKbQ_8Cxebydpx7G3sdav/ブレース/e-00371.jpg
544c0b96378ccd23c31e45e52329d054bac1e3f430b7be883de14ab95a959568,2,new_20260626+old_20260603,ブレース,"data/raw_new_classes_20260630/extracted/1uGRLTk7tVs8Lv0SOzTDRZ7Y7MNadZrtg/20260603_アノテーションモデル用データ_ブレース,柱脚/ブレース/brace_098.jpg"
565047c863e929ad7c1ea52b436b5c8b06a80620218123a3d2478cc0a5b8ad41,2,new_20260626+old_20260603,柱脚,data/raw_new_classes_20260630/extracted/1QoykPgS4pggCKbQ_8Cxebydpx7G3sdav/柱脚/f-00246.jpg
565047c863e929ad7c1ea52b436b5c8b06a80620218123a3d2478cc0a5b8ad41,2,new_20260626+old_20260603,柱脚,"data/raw_new_classes_20260630/extracted/1uGRLTk7tVs8Lv0SOzTDRZ7Y7MNadZrtg/20260603_アノテーションモデル用データ_ブレース,柱脚/柱脚/columnbase_036.jpg"
5727c91f6025071174f22e441e362c588b84e9ac1b56e6190ecb87a815460204,2,new_20260626+old_20260603,柱脚,data/raw_new_classes_20260630/extracted/1QoykPgS4pggCKbQ_8Cxebydpx7G3sdav/柱脚/f-00222.jpg
5727c91f6025071174f22e441e362c588b84e9ac1b56e6190ecb87a815460204,2,new_20260626+old_20260603,柱脚,"data/raw_new_classes_20260630/extracted/1uGRLTk7tVs8Lv0SOzTDRZ7Y7MNadZrtg/20260603_アノテーションモデル用データ_ブレース,柱脚/柱脚/columnbase_012.jpg"
58624750ec8c7135258902ec88962337d2670766593fc20fe896ef861f43ba1e,2,new_20260626+old_20260603,柱脚,data/raw_new_classes_20260630/extracted/1QoykPgS4pggCKbQ_8Cxebydpx7G3sdav/柱脚/f-00302.jpg
58624750ec8c7135258902ec88962337d2670766593fc20fe896ef861f43ba1e,2,new_20260626+old_20260603,柱脚,"data/raw_new_classes_20260630/extracted/1uGRLTk7tVs8Lv0SOzTDRZ7Y7MNadZrtg/20260603_アノテーションモデル用データ_ブレース,柱脚/柱脚/columnbase_056.jpg"
586d8879f4e2f0da7fae10c741fb50b7dd41fa53d8467b1ef0c6ac6a8f3d6d5d,2,new_20260626+old_20260603,ブレース,data/raw_new_classes_20260630/extracted/1QoykPgS4pggCKbQ_8Cxebydpx7G3sdav/ブレース/e-00235.jpg
586d8879f4e2f0da7fae10c741fb50b7dd41fa53d8467b1ef0c6ac6a8f3d6d5d,2,new_20260626+old_20260603,ブレース,"data/raw_new_classes_20260630/extracted/1uGRLTk7tVs8Lv0SOzTDRZ7Y7MNadZrtg/20260603_アノテーションモデル用データ_ブレース,柱脚/ブレース/brace_030.jpg"
5927ffbc9a44569634ad293e20e6f25de1be171e3b6b901435b323bf0d666778,2,new_20260626+old_20260603,ブレース,data/raw_new_classes_20260630/extracted/1QoykPgS4pggCKbQ_8Cxebydpx7G3sdav/ブレース/e-00210.jpg
5927ffbc9a44569634ad293e20e6f25de1be171e3b6b901435b323bf0d666778,2,new_20260626+old_20260603,ブレース,"data/raw_new_classes_20260630/extracted/1uGRLTk7tVs8Lv0SOzTDRZ7Y7MNadZrtg/20260603_アノテーションモデル用データ_ブレース,柱脚/ブレース/brace_004.jpg"
5a6b2684cc3f01c194740fe78816232a88f7efd8d54b6416fc30efb0cb1268e0,2,new_20260626+old_20260603,ブレース,data/raw_new_classes_20260630/extracted/1QoykPgS4pggCKbQ_8Cxebydpx7G3sdav/ブレース/e-00374.jpg
5a6b2684cc3f01c194740fe78816232a88f7efd8d54b6416fc30efb0cb1268e0,2,new_20260626+old_20260603,ブレース,"data/raw_new_classes_20260630/extracted/1uGRLTk7tVs8Lv0SOzTDRZ7Y7MNadZrtg/20260603_アノテーションモデル用データ_ブレース,柱脚/ブレース/brace_101.jpg"
5bff351aaca2e456cf5f2101e30fb5f23ee2c1024fc8271d0fcc60a350c61496,2,new_20260626+old_20260603,柱脚,data/raw_new_classes_20260630/extracted/1QoykPgS4pggCKbQ_8Cxebydpx7G3sdav/柱脚/f-00241.jpg
5bff351aaca2e456cf5f2101e30fb5f23ee2c1024fc8271d0fcc60a350c61496,2,new_20260626+old_20260603,柱脚,"data/raw_new_classes_20260630/extracted/1uGRLTk7tVs8Lv0SOzTDRZ7Y7MNadZrtg/20260603_アノテーションモデル用データ_ブレース,柱脚/柱脚/columnbase_031.jpg"
5de55d164a63f23eba8d3048c3564bf6730b5b9c671d4d1cbf0a1bf6c3876e39,2,new_20260626+old_20260603,柱脚,data/raw_new_classes_20260630/extracted/1QoykPgS4pggCKbQ_8Cxebydpx7G3sdav/柱脚/f-00215.jpg
5de55d164a63f23eba8d3048c3564bf6730b5b9c671d4d1cbf0a1bf6c3876e39,2,new_20260626+old_20260603,柱脚,"data/raw_new_classes_20260630/extracted/1uGRLTk7tVs8Lv0SOzTDRZ7Y7MNadZrtg/20260603_アノテーションモデル用データ_ブレース,柱脚/柱脚/columnbase_005.jpg"
5e158dd8f52aed74d030f30d7be68f9f3e173d46722c3ad1f37768add9954f8f,2,new_20260626+old_20260603,柱脚,data/raw_new_classes_20260630/extracted/1QoykPgS4pggCKbQ_8Cxebydpx7G3sdav/柱脚/f-00309.jpg
5e158dd8f52aed74d030f30d7be68f9f3e173d46722c3ad1f37768add9954f8f,2,new_20260626+old_20260603,柱脚,"data/raw_new_classes_20260630/extracted/1uGRLTk7tVs8Lv0SOzTDRZ7Y7MNadZrtg/20260603_アノテーションモデル用データ_ブレース,柱脚/柱脚/columnbase_063.jpg"
5fff56f74ceaabd45b7f931f1616ee69bdc281e05a2f11172f4bb1957f39dba7,2,new_20260626+old_20260603,ブレース,data/raw_new_classes_20260630/extracted/1QoykPgS4pggCKbQ_8Cxebydpx7G3sdav/ブレース/e-00277.jpg
5fff56f74ceaabd45b7f931f1616ee69bdc281e05a2f11172f4bb1957f39dba7,2,new_20260626+old_20260603,ブレース,"data/raw_new_classes_20260630/extracted/1uGRLTk7tVs8Lv0SOzTDRZ7Y7MNadZrtg/20260603_アノテーションモデル用データ_ブレース,柱脚/ブレース/brace_072.jpg"
60209b0d1b9262d149d0d1fadbbc24154cd71d0a11b7399d43d1f4e3c8deba53,2,new_20260626+old_20260603,柱脚,data/raw_new_classes_20260630/extracted/1QoykPgS4pggCKbQ_8Cxebydpx7G3sdav/柱脚/f-00327.jpg
60209b0d1b9262d149d0d1fadbbc24154cd71d0a11b7399d43d1f4e3c8deba53,2,new_20260626+old_20260603,柱脚,"data/raw_new_classes_20260630/extracted/1uGRLTk7tVs8Lv0SOzTDRZ7Y7MNadZrtg/20260603_アノテーションモデル用データ_ブレース,柱脚/柱脚/columnbase_081.jpg"
65c8b0a97e759cce2749f2d81b69297507ffa49bc2408f35bcc8ca4bcfd73c66,2,new_20260626+old_20260603,ブレース,data/raw_new_classes_20260630/extracted/1QoykPgS4pggCKbQ_8Cxebydpx7G3sdav/ブレース/e-00220.jpg
65c8b0a97e759cce2749f2d81b69297507ffa49bc2408f35bcc8ca4bcfd73c66,2,new_20260626+old_20260603,ブレース,"data/raw_new_classes_20260630/extracted/1uGRLTk7tVs8Lv0SOzTDRZ7Y7MNadZrtg/20260603_アノテーションモデル用データ_ブレース,柱脚/ブレース/brace_014.jpg"
68a986dad1ba4c2fcc702c9c3f24de18c4014db87218f095ec1d167cbb938202,2,new_20260626+old_20260603,柱脚,data/raw_new_classes_20260630/extracted/1QoykPgS4pggCKbQ_8Cxebydpx7G3sdav/柱脚/f-00322.jpg
68a986dad1ba4c2fcc702c9c3f24de18c4014db87218f095ec1d167cbb938202,2,new_20260626+old_20260603,柱脚,"data/raw_new_classes_20260630/extracted/1uGRLTk7tVs8Lv0SOzTDRZ7Y7MNadZrtg/20260603_アノテーションモデル用データ_ブレース,柱脚/柱脚/columnbase_076.jpg"
6a082e8a857a9ee5c0dc155f5f44b97bf5dccf949384aaeba98f73006f381598,2,new_20260626+old_20260603,柱脚,data/raw_new_classes_20260630/extracted/1QoykPgS4pggCKbQ_8Cxebydpx7G3sdav/柱脚/f-00251.jpg
6a082e8a857a9ee5c0dc155f5f44b97bf5dccf949384aaeba98f73006f381598,2,new_20260626+old_20260603,柱脚,"data/raw_new_classes_20260630/extracted/1uGRLTk7tVs8Lv0SOzTDRZ7Y7MNadZrtg/20260603_アノテーションモデル用データ_ブレース,柱脚/柱脚/columnbase_041.jpg"
6b2b4842ff1ff61845e29cc5f8907dd74d036f566f7f7a0693ac1cfb8bfb8586,2,new_20260626+old_20260603,柱脚,data/raw_new_classes_20260630/extracted/1QoykPgS4pggCKbQ_8Cxebydpx7G3sdav/柱脚/f-00318.jpg
6b2b4842ff1ff61845e29cc5f8907dd74d036f566f7f7a0693ac1cfb8bfb8586,2,new_20260626+old_20260603,柱脚,"data/raw_new_classes_20260630/extracted/1uGRLTk7tVs8Lv0SOzTDRZ7Y7MNadZrtg/20260603_アノテーションモデル用データ_ブレース,柱脚/柱脚/columnbase_072.jpg"
6c753f803bbd561d2eb334f66e71665d0f90f42196c96cd2af5329f42bfe1827,2,new_20260626+old_20260603,ブレース,data/raw_new_classes_20260630/extracted/1QoykPgS4pggCKbQ_8Cxebydpx7G3sdav/ブレース/e-00208.jpg
6c753f803bbd561d2eb334f66e71665d0f90f42196c96cd2af5329f42bfe1827,2,new_20260626+old_20260603,ブレース,"data/raw_new_classes_20260630/extracted/1uGRLTk7tVs8Lv0SOzTDRZ7Y7MNadZrtg/20260603_アノテーションモデル用データ_ブレース,柱脚/ブレース/brace_001.jpg"
6cc2ed87aba3e99c4f1a7e04f249bbab6d234085e6e731730d1d3cb80159a2d8,2,new_20260626+old_20260603,ブレース,data/raw_new_classes_20260630/extracted/1QoykPgS4pggCKbQ_8Cxebydpx7G3sdav/ブレース/e-00377.jpg
6cc2ed87aba3e99c4f1a7e04f249bbab6d234085e6e731730d1d3cb80159a2d8,2,new_20260626+old_20260603,ブレース,"data/raw_new_classes_20260630/extracted/1uGRLTk7tVs8Lv0SOzTDRZ7Y7MNadZrtg/20260603_アノテーションモデル用データ_ブレース,柱脚/ブレース/brace_104.jpg"
6cec09e560081e40863351d9a05ec9ef31d5dd462582178ffbe650ae2dd5b673,2,new_20260626+old_20260603,ブレース,data/raw_new_classes_20260630/extracted/1QoykPgS4pggCKbQ_8Cxebydpx7G3sdav/ブレース/e-00238.jpg
6cec09e560081e40863351d9a05ec9ef31d5dd462582178ffbe650ae2dd5b673,2,new_20260626+old_20260603,ブレース,"data/raw_new_classes_20260630/extracted/1uGRLTk7tVs8Lv0SOzTDRZ7Y7MNadZrtg/20260603_アノテーションモデル用データ_ブレース,柱脚/ブレース/brace_033.jpg"
6f757fa6e580e5ee9055b7bcf2df5ab574c1067efb48208a77c1f31fff00105c,2,new_20260626+old_20260603,ブレース,data/raw_new_classes_20260630/extracted/1QoykPgS4pggCKbQ_8Cxebydpx7G3sdav/ブレース/e-00273.jpg
6f757fa6e580e5ee9055b7bcf2df5ab574c1067efb48208a77c1f31fff00105c,2,new_20260626+old_20260603,ブレース,"data/raw_new_classes_20260630/extracted/1uGRLTk7tVs8Lv0SOzTDRZ7Y7MNadZrtg/20260603_アノテーションモデル用データ_ブレース,柱脚/ブレース/brace_068.jpg"
713df46ff278661391e22a96ef8794509128307ebb988e0c909e299ea5f8f3ca,2,new_20260626+old_20260603,ブレース,data/raw_new_classes_20260630/extracted/1QoykPgS4pggCKbQ_8Cxebydpx7G3sdav/ブレース/e-00375.jpg
713df46ff278661391e22a96ef8794509128307ebb988e0c909e299ea5f8f3ca,2,new_20260626+old_20260603,ブレース,"data/raw_new_classes_20260630/extracted/1uGRLTk7tVs8Lv0SOzTDRZ7Y7MNadZrtg/20260603_アノテーションモデル用データ_ブレース,柱脚/ブレース/brace_102.jpg"
7402265302856ad930fda43d06789f39e24a4148a4b35ce2b5f7dc335a69b33b,2,new_20260626+old_20260603,ブレース,data/raw_new_classes_20260630/extracted/1QoykPgS4pggCKbQ_8Cxebydpx7G3sdav/ブレース/e-00241.jpg
7402265302856ad930fda43d06789f39e24a4148a4b35ce2b5f7dc335a69b33b,2,new_20260626+old_20260603,ブレース,"data/raw_new_classes_20260630/extracted/1uGRLTk7tVs8Lv0SOzTDRZ7Y7MNadZrtg/20260603_アノテーションモデル用データ_ブレース,柱脚/ブレース/brace_036.jpg"
7494e04d14554923d788a2179c8c3864b6a5dde134e93f2fe1ad0a888e4b7c98,2,new_20260626+old_20260603,柱脚,data/raw_new_classes_20260630/extracted/1QoykPgS4pggCKbQ_8Cxebydpx7G3sdav/柱脚/f-00261.jpg
7494e04d14554923d788a2179c8c3864b6a5dde134e93f2fe1ad0a888e4b7c98,2,new_20260626+old_20260603,柱脚,"data/raw_new_classes_20260630/extracted/1uGRLTk7tVs8Lv0SOzTDRZ7Y7MNadZrtg/20260603_アノテーションモデル用データ_ブレース,柱脚/柱脚/columnbase_051.jpg"
757a7f8afe2be8bcd647b4044c236ad16b2513bc449347784e151befc7978979,2,new_20260626+old_20260603,ブレース,data/raw_new_classes_20260630/extracted/1QoykPgS4pggCKbQ_8Cxebydpx7G3sdav/ブレース/e-00281.jpg
757a7f8afe2be8bcd647b4044c236ad16b2513bc449347784e151befc7978979,2,new_20260626+old_20260603,ブレース,"data/raw_new_classes_20260630/extracted/1uGRLTk7tVs8Lv0SOzTDRZ7Y7MNadZrtg/20260603_アノテーションモデル用データ_ブレース,柱脚/ブレース/brace_076.jpg"
779c2e30e4a3adb4f96689a200ab3cabbe2ccf66b8d2eadfd8f127a36dbb59e1,2,new_20260626+old_20260603,柱脚,data/raw_new_classes_20260630/extracted/1QoykPgS4pggCKbQ_8Cxebydpx7G3sdav/柱脚/f-00227.jpg
779c2e30e4a3adb4f96689a200ab3cabbe2ccf66b8d2eadfd8f127a36dbb59e1,2,new_20260626+old_20260603,柱脚,"data/raw_new_classes_20260630/extracted/1uGRLTk7tVs8Lv0SOzTDRZ7Y7MNadZrtg/20260603_アノテーションモデル用データ_ブレース,柱脚/柱脚/columnbase_017.jpg"
77a6c1ca410a4278da1bd1b8d2b41e981d5d9f801ebe3bf37d54f4fba5f2bf20,2,new_20260626+old_20260603,柱脚,data/raw_new_classes_20260630/extracted/1QoykPgS4pggCKbQ_8Cxebydpx7G3sdav/柱脚/f-00252.jpg
77a6c1ca410a4278da1bd1b8d2b41e981d5d9f801ebe3bf37d54f4fba5f2bf20,2,new_20260626+old_20260603,柱脚,"data/raw_new_classes_20260630/extracted/1uGRLTk7tVs8Lv0SOzTDRZ7Y7MNadZrtg/20260603_アノテーションモデル用データ_ブレース,柱脚/柱脚/columnbase_042.jpg"
79b119e03c3f89def40101c52df69692ce4c8a07fcefd7956e590ea853545013,2,new_20260626+old_20260603,柱脚,data/raw_new_classes_20260630/extracted/1QoykPgS4pggCKbQ_8Cxebydpx7G3sdav/柱脚/f-00224.jpg
79b119e03c3f89def40101c52df69692ce4c8a07fcefd7956e590ea853545013,2,new_20260626+old_20260603,柱脚,"data/raw_new_classes_20260630/extracted/1uGRLTk7tVs8Lv0SOzTDRZ7Y7MNadZrtg/20260603_アノテーションモデル用データ_ブレース,柱脚/柱脚/columnbase_014.jpg"
7a72557eee63617921db47e8ee1dbdca6693368683f7d7d2038850dad646e446,2,new_20260626+old_20260603,ブレース,data/raw_new_classes_20260630/extracted/1QoykPgS4pggCKbQ_8Cxebydpx7G3sdav/ブレース/e-00265.jpg
7a72557eee63617921db47e8ee1dbdca6693368683f7d7d2038850dad646e446,2,new_20260626+old_20260603,ブレース,"data/raw_new_classes_20260630/extracted/1uGRLTk7tVs8Lv0SOzTDRZ7Y7MNadZrtg/20260603_アノテーションモデル用データ_ブレース,柱脚/ブレース/brace_060.jpg"
7b5f86d63052ada6a17e80d84a26f2d3a76a1da437e2addad73c728602c26e2e,2,new_20260626+old_20260603,ブレース,data/raw_new_classes_20260630/extracted/1QoykPgS4pggCKbQ_8Cxebydpx7G3sdav/ブレース/e-00278.jpg
7b5f86d63052ada6a17e80d84a26f2d3a76a1da437e2addad73c728602c26e2e,2,new_20260626+old_20260603,ブレース,"data/raw_new_classes_20260630/extracted/1uGRLTk7tVs8Lv0SOzTDRZ7Y7MNadZrtg/20260603_アノテーションモデル用データ_ブレース,柱脚/ブレース/brace_073.jpg"
7d418a39b65623d91a7ef3b7d1ef368b138ea91c354bf0a878e1d8ecccc82126,2,new_20260626+old_20260603,ブレース,data/raw_new_classes_20260630/extracted/1QoykPgS4pggCKbQ_8Cxebydpx7G3sdav/ブレース/e-00227.jpg
7d418a39b65623d91a7ef3b7d1ef368b138ea91c354bf0a878e1d8ecccc82126,2,new_20260626+old_20260603,ブレース,"data/raw_new_classes_20260630/extracted/1uGRLTk7tVs8Lv0SOzTDRZ7Y7MNadZrtg/20260603_アノテーションモデル用データ_ブレース,柱脚/ブレース/brace_021.jpg"
7d4e8146ab595c466b4f7e9c5fc5ac620760cbf6920a3de64bd0e73ae3ed468b,2,new_20260626+old_20260603,柱脚,data/raw_new_classes_20260630/extracted/1QoykPgS4pggCKbQ_8Cxebydpx7G3sdav/柱脚/f-00314.jpg
7d4e8146ab595c466b4f7e9c5fc5ac620760cbf6920a3de64bd0e73ae3ed468b,2,new_20260626+old_20260603,柱脚,"data/raw_new_classes_20260630/extracted/1uGRLTk7tVs8Lv0SOzTDRZ7Y7MNadZrtg/20260603_アノテーションモデル用データ_ブレース,柱脚/柱脚/columnbase_068.jpg"
7ff12d81628cfd9e75af33781ed43751d40263d539cd9af5637f1b628dbb7315,2,new_20260626+old_20260603,ブレース,data/raw_new_classes_20260630/extracted/1QoykPgS4pggCKbQ_8Cxebydpx7G3sdav/ブレース/e-00263.jpg
7ff12d81628cfd9e75af33781ed43751d40263d539cd9af5637f1b628dbb7315,2,new_20260626+old_20260603,ブレース,"data/raw_new_classes_20260630/extracted/1uGRLTk7tVs8Lv0SOzTDRZ7Y7MNadZrtg/20260603_アノテーションモデル用データ_ブレース,柱脚/ブレース/brace_058.jpg"
81a0e5e3aa62c4ef56a451e4d4e27f6f69ed46c467e5d7805a9de9a8baa69466,2,new_20260626,ブレース,data/raw_new_classes_20260630/extracted/1QoykPgS4pggCKbQ_8Cxebydpx7G3sdav/ブレース/e-00143.jpg
81a0e5e3aa62c4ef56a451e4d4e27f6f69ed46c467e5d7805a9de9a8baa69466,2,new_20260626,ブレース,data/raw_new_classes_20260630/extracted/1QoykPgS4pggCKbQ_8Cxebydpx7G3sdav/ブレース/e-00197.jpg
82bf50069fc1732a35036aabcbb4215196a3c1439765f5590b40af38f1a44b7b,2,new_20260626+old_20260603,ブレース,data/raw_new_classes_20260630/extracted/1QoykPgS4pggCKbQ_8Cxebydpx7G3sdav/ブレース/e-00369.jpg
82bf50069fc1732a35036aabcbb4215196a3c1439765f5590b40af38f1a44b7b,2,new_20260626+old_20260603,ブレース,"data/raw_new_classes_20260630/extracted/1uGRLTk7tVs8Lv0SOzTDRZ7Y7MNadZrtg/20260603_アノテーションモデル用データ_ブレース,柱脚/ブレース/brace_096.jpg"
85b73c4e04aa070dfccc899ac874b9bbe65ea2424ccf33a1e23f52ac5817436c,2,new_20260626+old_20260603,柱脚,data/raw_new_classes_20260630/extracted/1QoykPgS4pggCKbQ_8Cxebydpx7G3sdav/柱脚/f-00326.jpg
85b73c4e04aa070dfccc899ac874b9bbe65ea2424ccf33a1e23f52ac5817436c,2,new_20260626+old_20260603,柱脚,"data/raw_new_classes_20260630/extracted/1uGRLTk7tVs8Lv0SOzTDRZ7Y7MNadZrtg/20260603_アノテーションモデル用データ_ブレース,柱脚/柱脚/columnbase_080.jpg"
86645b59fbcb6063d42bfbc6c3f78da9f3a90798e677710162ca9b54c39efded,2,new_20260626+old_20260603,ブレース,data/raw_new_classes_20260630/extracted/1QoykPgS4pggCKbQ_8Cxebydpx7G3sdav/ブレース/e-00370.jpg
86645b59fbcb6063d42bfbc6c3f78da9f3a90798e677710162ca9b54c39efded,2,new_20260626+old_20260603,ブレース,"data/raw_new_classes_20260630/extracted/1uGRLTk7tVs8Lv0SOzTDRZ7Y7MNadZrtg/20260603_アノテーションモデル用データ_ブレース,柱脚/ブレース/brace_097.jpg"
87d6df287eeb2b2a5c4cc9e24e31badbf5eb4c1dbb75800b79ebdcc0edceae1a,2,new_20260626+old_20260603,柱脚,data/raw_new_classes_20260630/extracted/1QoykPgS4pggCKbQ_8Cxebydpx7G3sdav/柱脚/f-00328.jpg
87d6df287eeb2b2a5c4cc9e24e31badbf5eb4c1dbb75800b79ebdcc0edceae1a,2,new_20260626+old_20260603,柱脚,"data/raw_new_classes_20260630/extracted/1uGRLTk7tVs8Lv0SOzTDRZ7Y7MNadZrtg/20260603_アノテーションモデル用データ_ブレース,柱脚/柱脚/columnbase_082.jpg"
8871296feb62af24afbb4c849eafec20f220e60b17cd348c8afa0fa5c2d74b0c,2,new_20260626+old_20260603,ブレース,data/raw_new_classes_20260630/extracted/1QoykPgS4pggCKbQ_8Cxebydpx7G3sdav/ブレース/e-00233.jpg
8871296feb62af24afbb4c849eafec20f220e60b17cd348c8afa0fa5c2d74b0c,2,new_20260626+old_20260603,ブレース,"data/raw_new_classes_20260630/extracted/1uGRLTk7tVs8Lv0SOzTDRZ7Y7MNadZrtg/20260603_アノテーションモデル用データ_ブレース,柱脚/ブレース/brace_028.jpg"
8b35747d9aaabcd5743a5d052d84dde93d8fe3db6bf79d83207b27f6eb9b6557,2,new_20260626+old_20260603,ブレース,data/raw_new_classes_20260630/extracted/1QoykPgS4pggCKbQ_8Cxebydpx7G3sdav/ブレース/e-00224.jpg
8b35747d9aaabcd5743a5d052d84dde93d8fe3db6bf79d83207b27f6eb9b6557,2,new_20260626+old_20260603,ブレース,"data/raw_new_classes_20260630/extracted/1uGRLTk7tVs8Lv0SOzTDRZ7Y7MNadZrtg/20260603_アノテーションモデル用データ_ブレース,柱脚/ブレース/brace_018.jpg"
8c365f1ad8fad566c88cb2017a3f4502d5830fe9773fb2f16ad596687a5ac7af,2,new_20260626+old_20260603,ブレース,data/raw_new_classes_20260630/extracted/1QoykPgS4pggCKbQ_8Cxebydpx7G3sdav/ブレース/e-00219.jpg
8c365f1ad8fad566c88cb2017a3f4502d5830fe9773fb2f16ad596687a5ac7af,2,new_20260626+old_20260603,ブレース,"data/raw_new_classes_20260630/extracted/1uGRLTk7tVs8Lv0SOzTDRZ7Y7MNadZrtg/20260603_アノテーションモデル用データ_ブレース,柱脚/ブレース/brace_013.jpg"
8d15c7e233e2a3f625ccc518923cd33d7bfa7f2410a864513664b6474108cc43,2,new_20260626+old_20260603,ブレース,data/raw_new_classes_20260630/extracted/1QoykPgS4pggCKbQ_8Cxebydpx7G3sdav/ブレース/e-00231.jpg
8d15c7e233e2a3f625ccc518923cd33d7bfa7f2410a864513664b6474108cc43,2,new_20260626+old_20260603,ブレース,"data/raw_new_classes_20260630/extracted/1uGRLTk7tVs8Lv0SOzTDRZ7Y7MNadZrtg/20260603_アノテーションモデル用データ_ブレース,柱脚/ブレース/brace_025.jpg"
8f1d6fcbedff6471cd79559b2088398c6d1eb173880e2c89b7482fa139873c33,2,new_20260626+old_20260603,ブレース,data/raw_new_classes_20260630/extracted/1QoykPgS4pggCKbQ_8Cxebydpx7G3sdav/ブレース/e-00230.jpg
8f1d6fcbedff6471cd79559b2088398c6d1eb173880e2c89b7482fa139873c33,2,new_20260626+old_20260603,ブレース,"data/raw_new_classes_20260630/extracted/1uGRLTk7tVs8Lv0SOzTDRZ7Y7MNadZrtg/20260603_アノテーションモデル用データ_ブレース,柱脚/ブレース/brace_024.jpg"
90b779480d81cacb5e3519406fbb9d1c548a8843cb5a019e2fa6b6b3ed780221,2,new_20260626+old_20260603,ブレース,data/raw_new_classes_20260630/extracted/1QoykPgS4pggCKbQ_8Cxebydpx7G3sdav/ブレース/e-00364.jpg
90b779480d81cacb5e3519406fbb9d1c548a8843cb5a019e2fa6b6b3ed780221,2,new_20260626+old_20260603,ブレース,"data/raw_new_classes_20260630/extracted/1uGRLTk7tVs8Lv0SOzTDRZ7Y7MNadZrtg/20260603_アノテーションモデル用データ_ブレース,柱脚/ブレース/brace_091.jpg"
90dc21a7227c7b8257156acd956ce4b8db7e82dc6f06619b7e77fb25579700ff,2,new_20260626+old_20260603,柱脚,data/raw_new_classes_20260630/extracted/1QoykPgS4pggCKbQ_8Cxebydpx7G3sdav/柱脚/f-00249.jpg
90dc21a7227c7b8257156acd956ce4b8db7e82dc6f06619b7e77fb25579700ff,2,new_20260626+old_20260603,柱脚,"data/raw_new_classes_20260630/extracted/1uGRLTk7tVs8Lv0SOzTDRZ7Y7MNadZrtg/20260603_アノテーションモデル用データ_ブレース,柱脚/柱脚/columnbase_039.jpg"
92f0ff57dd00a14e6bdfa81b18e0a7217b7d74a0cce5295614c9e376cf6d7708,2,new_20260626+old_20260603,ブレース,data/raw_new_classes_20260630/extracted/1QoykPgS4pggCKbQ_8Cxebydpx7G3sdav/ブレース/e-00239.jpg
92f0ff57dd00a14e6bdfa81b18e0a7217b7d74a0cce5295614c9e376cf6d7708,2,new_20260626+old_20260603,ブレース,"data/raw_new_classes_20260630/extracted/1uGRLTk7tVs8Lv0SOzTDRZ7Y7MNadZrtg/20260603_アノテーションモデル用データ_ブレース,柱脚/ブレース/brace_034.jpg"
94e8bebaa81108ac157be0f1c1f85949b65dc6cd4ef19bd0651604cea968c8d3,2,new_20260626+old_20260603,柱脚,data/raw_new_classes_20260630/extracted/1QoykPgS4pggCKbQ_8Cxebydpx7G3sdav/柱脚/f-00312.jpg
94e8bebaa81108ac157be0f1c1f85949b65dc6cd4ef19bd0651604cea968c8d3,2,new_20260626+old_20260603,柱脚,"data/raw_new_classes_20260630/extracted/1uGRLTk7tVs8Lv0SOzTDRZ7Y7MNadZrtg/20260603_アノテーションモデル用データ_ブレース,柱脚/柱脚/columnbase_066.jpg"
97faf09f5a3412f34685663da176320161947224ef939b8fc891d443a0071ebb,2,new_20260626+old_20260603,ブレース,data/raw_new_classes_20260630/extracted/1QoykPgS4pggCKbQ_8Cxebydpx7G3sdav/ブレース/e-00353.jpg
97faf09f5a3412f34685663da176320161947224ef939b8fc891d443a0071ebb,2,new_20260626+old_20260603,ブレース,"data/raw_new_classes_20260630/extracted/1uGRLTk7tVs8Lv0SOzTDRZ7Y7MNadZrtg/20260603_アノテーションモデル用データ_ブレース,柱脚/ブレース/brace_078.jpg"
9a6afc2ec50547bb85e5db8a02ea53b354b2ed5adc6c2dbcab7fc4721488c6bd,2,new_20260626,ブレース,data/raw_new_classes_20260630/extracted/1QoykPgS4pggCKbQ_8Cxebydpx7G3sdav/ブレース/e-00149.jpg
9a6afc2ec50547bb85e5db8a02ea53b354b2ed5adc6c2dbcab7fc4721488c6bd,2,new_20260626,ブレース,data/raw_new_classes_20260630/extracted/1QoykPgS4pggCKbQ_8Cxebydpx7G3sdav/ブレース/e-00192.jpg
a0ced6056900fbf68bde324e86abb85767f5a9124ec9f592e4beebf76bfb1584,2,new_20260626+old_20260603,柱脚,data/raw_new_classes_20260630/extracted/1QoykPgS4pggCKbQ_8Cxebydpx7G3sdav/柱脚/f-00234.jpg
a0ced6056900fbf68bde324e86abb85767f5a9124ec9f592e4beebf76bfb1584,2,new_20260626+old_20260603,柱脚,"data/raw_new_classes_20260630/extracted/1uGRLTk7tVs8Lv0SOzTDRZ7Y7MNadZrtg/20260603_アノテーションモデル用データ_ブレース,柱脚/柱脚/columnbase_024.jpg"
a146da483eb5e57fe27315f149184b5aba24415267f17b7661a8b1e6f59d3a7c,2,new_20260626+old_20260603,ブレース,data/raw_new_classes_20260630/extracted/1QoykPgS4pggCKbQ_8Cxebydpx7G3sdav/ブレース/e-00226.jpg
a146da483eb5e57fe27315f149184b5aba24415267f17b7661a8b1e6f59d3a7c,2,new_20260626+old_20260603,ブレース,"data/raw_new_classes_20260630/extracted/1uGRLTk7tVs8Lv0SOzTDRZ7Y7MNadZrtg/20260603_アノテーションモデル用データ_ブレース,柱脚/ブレース/brace_020.jpg"
a15c85b52adc7bd4caaaad4cf1e3038ffa778aca5759282159c403c9bb1d24b1,2,new_20260626+old_20260603,ブレース,data/raw_new_classes_20260630/extracted/1QoykPgS4pggCKbQ_8Cxebydpx7G3sdav/ブレース/e-00240.jpg
a15c85b52adc7bd4caaaad4cf1e3038ffa778aca5759282159c403c9bb1d24b1,2,new_20260626+old_20260603,ブレース,"data/raw_new_classes_20260630/extracted/1uGRLTk7tVs8Lv0SOzTDRZ7Y7MNadZrtg/20260603_アノテーションモデル用データ_ブレース,柱脚/ブレース/brace_035.jpg"
a548f936df99b8b11dff2137eeabc7c7ee481d4cc960563a5c3aa0554c3ecfc3,2,new_20260626+old_20260603,ブレース,data/raw_new_classes_20260630/extracted/1QoykPgS4pggCKbQ_8Cxebydpx7G3sdav/ブレース/e-00367.jpg
a548f936df99b8b11dff2137eeabc7c7ee481d4cc960563a5c3aa0554c3ecfc3,2,new_20260626+old_20260603,ブレース,"data/raw_new_classes_20260630/extracted/1uGRLTk7tVs8Lv0SOzTDRZ7Y7MNadZrtg/20260603_アノテーションモデル用データ_ブレース,柱脚/ブレース/brace_094.jpg"
a5baf354ce357fbd642e521e0b699836f3e25d5e726b37cb9b9a60b3b7fd2d48,2,new_20260626+old_20260603,ブレース,data/raw_new_classes_20260630/extracted/1QoykPgS4pggCKbQ_8Cxebydpx7G3sdav/ブレース/e-00259.jpg
a5baf354ce357fbd642e521e0b699836f3e25d5e726b37cb9b9a60b3b7fd2d48,2,new_20260626+old_20260603,ブレース,"data/raw_new_classes_20260630/extracted/1uGRLTk7tVs8Lv0SOzTDRZ7Y7MNadZrtg/20260603_アノテーションモデル用データ_ブレース,柱脚/ブレース/brace_054.jpg"
a71cafae0a4b5088baaa892b9b11f49e7453aa5c8ab3b78f64064d35ceb38e27,2,new_20260626+old_20260603,ブレース,data/raw_new_classes_20260630/extracted/1QoykPgS4pggCKbQ_8Cxebydpx7G3sdav/ブレース/e-00234.jpg
a71cafae0a4b5088baaa892b9b11f49e7453aa5c8ab3b78f64064d35ceb38e27,2,new_20260626+old_20260603,ブレース,"data/raw_new_classes_20260630/extracted/1uGRLTk7tVs8Lv0SOzTDRZ7Y7MNadZrtg/20260603_アノテーションモデル用データ_ブレース,柱脚/ブレース/brace_029.jpg"
a751442eb18f20d3c3b3f67d4c71ceba46fb8e3922870c85c776053fa8d21b8e,2,new_20260626+old_20260603,柱脚,data/raw_new_classes_20260630/extracted/1QoykPgS4pggCKbQ_8Cxebydpx7G3sdav/柱脚/f-00245.jpg
a751442eb18f20d3c3b3f67d4c71ceba46fb8e3922870c85c776053fa8d21b8e,2,new_20260626+old_20260603,柱脚,"data/raw_new_classes_20260630/extracted/1uGRLTk7tVs8Lv0SOzTDRZ7Y7MNadZrtg/20260603_アノテーションモデル用データ_ブレース,柱脚/柱脚/columnbase_035.jpg"
a90617428516ddebd5bbd38a3337dbebb7e183bc2eac41a12b99856cb90f10f1,2,new_20260626+old_20260603,ブレース,data/raw_new_classes_20260630/extracted/1QoykPgS4pggCKbQ_8Cxebydpx7G3sdav/ブレース/e-00359.jpg
a90617428516ddebd5bbd38a3337dbebb7e183bc2eac41a12b99856cb90f10f1,2,new_20260626+old_20260603,ブレース,"data/raw_new_classes_20260630/extracted/1uGRLTk7tVs8Lv0SOzTDRZ7Y7MNadZrtg/20260603_アノテーションモデル用データ_ブレース,柱脚/ブレース/brace_086.jpg"
ac725188de3f72c522bb48dd594f31819e202932b853c2c17622a01e531ad5a7,2,new_20260626+old_20260603,柱脚,data/raw_new_classes_20260630/extracted/1QoykPgS4pggCKbQ_8Cxebydpx7G3sdav/柱脚/f-00320.jpg
ac725188de3f72c522bb48dd594f31819e202932b853c2c17622a01e531ad5a7,2,new_20260626+old_20260603,柱脚,"data/raw_new_classes_20260630/extracted/1uGRLTk7tVs8Lv0SOzTDRZ7Y7MNadZrtg/20260603_アノテーションモデル用データ_ブレース,柱脚/柱脚/columnbase_074.jpg"
ae5137cce46a619d6d8201b059284f9d7b14cb038c62527df3ffecfa79aad043,2,new_20260626,ブレース,data/raw_new_classes_20260630/extracted/1QoykPgS4pggCKbQ_8Cxebydpx7G3sdav/ブレース/e-00190.jpg
ae5137cce46a619d6d8201b059284f9d7b14cb038c62527df3ffecfa79aad043,2,new_20260626,ブレース,data/raw_new_classes_20260630/extracted/1QoykPgS4pggCKbQ_8Cxebydpx7G3sdav/ブレース/e-00194.jpg
b0ac6ab794a6c28080f2daf3ec3354e48648af6c44aff92ca2d2859904f2d755,2,new_20260626+old_20260603,ブレース,data/raw_new_classes_20260630/extracted/1QoykPgS4pggCKbQ_8Cxebydpx7G3sdav/ブレース/e-00229.jpg
b0ac6ab794a6c28080f2daf3ec3354e48648af6c44aff92ca2d2859904f2d755,2,new_20260626+old_20260603,ブレース,"data/raw_new_classes_20260630/extracted/1uGRLTk7tVs8Lv0SOzTDRZ7Y7MNadZrtg/20260603_アノテーションモデル用データ_ブレース,柱脚/ブレース/brace_023.jpg"
b1ed611cb0095ea08ef95214fe9ee48793acb8eb040b151ad0649eaae02cf955,2,new_20260626+old_20260603,ブレース,data/raw_new_classes_20260630/extracted/1QoykPgS4pggCKbQ_8Cxebydpx7G3sdav/ブレース/e-00372.jpg
b1ed611cb0095ea08ef95214fe9ee48793acb8eb040b151ad0649eaae02cf955,2,new_20260626+old_20260603,ブレース,"data/raw_new_classes_20260630/extracted/1uGRLTk7tVs8Lv0SOzTDRZ7Y7MNadZrtg/20260603_アノテーションモデル用データ_ブレース,柱脚/ブレース/brace_099.jpg"
b299d952a70aff64220d74351f49b5717539bd0d63e1aa5bf951bf8a588f6e26,2,new_20260626+old_20260603,ブレース,data/raw_new_classes_20260630/extracted/1QoykPgS4pggCKbQ_8Cxebydpx7G3sdav/ブレース/e-00361.jpg
b299d952a70aff64220d74351f49b5717539bd0d63e1aa5bf951bf8a588f6e26,2,new_20260626+old_20260603,ブレース,"data/raw_new_classes_20260630/extracted/1uGRLTk7tVs8Lv0SOzTDRZ7Y7MNadZrtg/20260603_アノテーションモデル用データ_ブレース,柱脚/ブレース/brace_088.jpg"
b473958b54699a05e9c5f5364eaee3c58061787b3a72794ceadf10ec00b6966c,2,new_20260626,柱脚,data/raw_new_classes_20260630/extracted/1QoykPgS4pggCKbQ_8Cxebydpx7G3sdav/柱脚/f-00119.jpg
b473958b54699a05e9c5f5364eaee3c58061787b3a72794ceadf10ec00b6966c,2,new_20260626,柱脚,data/raw_new_classes_20260630/extracted/1QoykPgS4pggCKbQ_8Cxebydpx7G3sdav/柱脚/f-00166.jpg
b5351fb3f6ba582812cebe87e893b41d475aaef71f06a06eb805063063a642fa,2,new_20260626+old_20260603,柱脚,data/raw_new_classes_20260630/extracted/1QoykPgS4pggCKbQ_8Cxebydpx7G3sdav/柱脚/f-00259.jpg
b5351fb3f6ba582812cebe87e893b41d475aaef71f06a06eb805063063a642fa,2,new_20260626+old_20260603,柱脚,"data/raw_new_classes_20260630/extracted/1uGRLTk7tVs8Lv0SOzTDRZ7Y7MNadZrtg/20260603_アノテーションモデル用データ_ブレース,柱脚/柱脚/columnbase_049.jpg"
b550403ebf7ab1515849ef0bed67e6a48b8ac5b793753b29c7a42511cb854450,2,new_20260626+old_20260603,ブレース,data/raw_new_classes_20260630/extracted/1QoykPgS4pggCKbQ_8Cxebydpx7G3sdav/ブレース/e-00381.jpg
b550403ebf7ab1515849ef0bed67e6a48b8ac5b793753b29c7a42511cb854450,2,new_20260626+old_20260603,ブレース,"data/raw_new_classes_20260630/extracted/1uGRLTk7tVs8Lv0SOzTDRZ7Y7MNadZrtg/20260603_アノテーションモデル用データ_ブレース,柱脚/ブレース/brace_108.jpg"
b7821420cb5cbbde20b328fa0d5bf331eddfc1bcc6e3beddca67cd46d4d55333,2,new_20260626+old_20260603,柱脚,data/raw_new_classes_20260630/extracted/1QoykPgS4pggCKbQ_8Cxebydpx7G3sdav/柱脚/f-00221.jpg
b7821420cb5cbbde20b328fa0d5bf331eddfc1bcc6e3beddca67cd46d4d55333,2,new_20260626+old_20260603,柱脚,"data/raw_new_classes_20260630/extracted/1uGRLTk7tVs8Lv0SOzTDRZ7Y7MNadZrtg/20260603_アノテーションモデル用データ_ブレース,柱脚/柱脚/columnbase_011.jpg"
b94e5f53f26c8d8d26ea74efcdbfcc3056e28c13257a71ce29086dd58108fa9a,2,new_20260626+old_20260603,ブレース,data/raw_new_classes_20260630/extracted/1QoykPgS4pggCKbQ_8Cxebydpx7G3sdav/ブレース/e-00272.jpg
b94e5f53f26c8d8d26ea74efcdbfcc3056e28c13257a71ce29086dd58108fa9a,2,new_20260626+old_20260603,ブレース,"data/raw_new_classes_20260630/extracted/1uGRLTk7tVs8Lv0SOzTDRZ7Y7MNadZrtg/20260603_アノテーションモデル用データ_ブレース,柱脚/ブレース/brace_067.jpg"
ba20847ca1da4761ef077fceb87f6efb5bd53db42087de9d0584c950870f7919,2,new_20260626+old_20260603,柱脚,data/raw_new_classes_20260630/extracted/1QoykPgS4pggCKbQ_8Cxebydpx7G3sdav/柱脚/f-00313.jpg
ba20847ca1da4761ef077fceb87f6efb5bd53db42087de9d0584c950870f7919,2,new_20260626+old_20260603,柱脚,"data/raw_new_classes_20260630/extracted/1uGRLTk7tVs8Lv0SOzTDRZ7Y7MNadZrtg/20260603_アノテーションモデル用データ_ブレース,柱脚/柱脚/columnbase_067.jpg"
ba9fe54335e4b0eca053bd415ac3ce539b1ccc2da2bd6f56576f6bc4920cd316,2,new_20260626+old_20260603,柱脚,data/raw_new_classes_20260630/extracted/1QoykPgS4pggCKbQ_8Cxebydpx7G3sdav/柱脚/f-00240.jpg
ba9fe54335e4b0eca053bd415ac3ce539b1ccc2da2bd6f56576f6bc4920cd316,2,new_20260626+old_20260603,柱脚,"data/raw_new_classes_20260630/extracted/1uGRLTk7tVs8Lv0SOzTDRZ7Y7MNadZrtg/20260603_アノテーションモデル用データ_ブレース,柱脚/柱脚/columnbase_030.jpg"
bb9f69f3ee18dd9abe3942320915c9eb59147fb0b30145f398de1449485a1670,2,new_20260626+old_20260603,柱脚,data/raw_new_classes_20260630/extracted/1QoykPgS4pggCKbQ_8Cxebydpx7G3sdav/柱脚/f-00220.jpg
bb9f69f3ee18dd9abe3942320915c9eb59147fb0b30145f398de1449485a1670,2,new_20260626+old_20260603,柱脚,"data/raw_new_classes_20260630/extracted/1uGRLTk7tVs8Lv0SOzTDRZ7Y7MNadZrtg/20260603_アノテーションモデル用データ_ブレース,柱脚/柱脚/columnbase_010.jpg"
bf44e2645033917a98ddb0ad08888e9d02a956ca30edc2ea9e3f6554c42e99a6,2,new_20260626+old_20260603,柱脚,data/raw_new_classes_20260630/extracted/1QoykPgS4pggCKbQ_8Cxebydpx7G3sdav/柱脚/f-00260.jpg
bf44e2645033917a98ddb0ad08888e9d02a956ca30edc2ea9e3f6554c42e99a6,2,new_20260626+old_20260603,柱脚,"data/raw_new_classes_20260630/extracted/1uGRLTk7tVs8Lv0SOzTDRZ7Y7MNadZrtg/20260603_アノテーションモデル用データ_ブレース,柱脚/柱脚/columnbase_050.jpg"
c061e94c5e3f8c662d757dc1f80bd43beda8d8dda2ab986f8898af2b7637c112,2,new_20260626+old_20260603,柱脚,data/raw_new_classes_20260630/extracted/1QoykPgS4pggCKbQ_8Cxebydpx7G3sdav/柱脚/f-00214.jpg
c061e94c5e3f8c662d757dc1f80bd43beda8d8dda2ab986f8898af2b7637c112,2,new_20260626+old_20260603,柱脚,"data/raw_new_classes_20260630/extracted/1uGRLTk7tVs8Lv0SOzTDRZ7Y7MNadZrtg/20260603_アノテーションモデル用データ_ブレース,柱脚/柱脚/columnbase_004.jpg"
c361f2b3a383aebd68c73470f968d837ece0944dccd2341c0869a3ddb3c8cb5a,2,new_20260626+old_20260603,柱脚,data/raw_new_classes_20260630/extracted/1QoykPgS4pggCKbQ_8Cxebydpx7G3sdav/柱脚/f-00317.jpg
c361f2b3a383aebd68c73470f968d837ece0944dccd2341c0869a3ddb3c8cb5a,2,new_20260626+old_20260603,柱脚,"data/raw_new_classes_20260630/extracted/1uGRLTk7tVs8Lv0SOzTDRZ7Y7MNadZrtg/20260603_アノテーションモデル用データ_ブレース,柱脚/柱脚/columnbase_071.jpg"
c848bcb7619f3a9fd6ea2e173d0f9df76778cec4253481def6b431498d779123,2,new_20260626+old_20260603,ブレース,data/raw_new_classes_20260630/extracted/1QoykPgS4pggCKbQ_8Cxebydpx7G3sdav/ブレース/e-00236.jpg
c848bcb7619f3a9fd6ea2e173d0f9df76778cec4253481def6b431498d779123,2,new_20260626+old_20260603,ブレース,"data/raw_new_classes_20260630/extracted/1uGRLTk7tVs8Lv0SOzTDRZ7Y7MNadZrtg/20260603_アノテーションモデル用データ_ブレース,柱脚/ブレース/brace_031.jpg"
cca97a46955694fd8d91d1456e3baa2930a1debde85c7f13ebad4e00a149922b,2,new_20260626+old_20260603,柱脚,data/raw_new_classes_20260630/extracted/1QoykPgS4pggCKbQ_8Cxebydpx7G3sdav/柱脚/f-00233.jpg
cca97a46955694fd8d91d1456e3baa2930a1debde85c7f13ebad4e00a149922b,2,new_20260626+old_20260603,柱脚,"data/raw_new_classes_20260630/extracted/1uGRLTk7tVs8Lv0SOzTDRZ7Y7MNadZrtg/20260603_アノテーションモデル用データ_ブレース,柱脚/柱脚/columnbase_023.jpg"
cdc3c780a955efaa0deac12ecb066139fea4964f1629c866c668246cf8b03f3e,2,new_20260626+old_20260603,ブレース,data/raw_new_classes_20260630/extracted/1QoykPgS4pggCKbQ_8Cxebydpx7G3sdav/ブレース/e-00365.jpg
cdc3c780a955efaa0deac12ecb066139fea4964f1629c866c668246cf8b03f3e,2,new_20260626+old_20260603,ブレース,"data/raw_new_classes_20260630/extracted/1uGRLTk7tVs8Lv0SOzTDRZ7Y7MNadZrtg/20260603_アノテーションモデル用データ_ブレース,柱脚/ブレース/brace_092.jpg"
cf447406d7c3d1477bf4695140e2206f1c7adafdda89075ef5a48a4b9d0117a6,2,new_20260626+old_20260603,ブレース,data/raw_new_classes_20260630/extracted/1QoykPgS4pggCKbQ_8Cxebydpx7G3sdav/ブレース/e-00267.jpg
cf447406d7c3d1477bf4695140e2206f1c7adafdda89075ef5a48a4b9d0117a6,2,new_20260626+old_20260603,ブレース,"data/raw_new_classes_20260630/extracted/1uGRLTk7tVs8Lv0SOzTDRZ7Y7MNadZrtg/20260603_アノテーションモデル用データ_ブレース,柱脚/ブレース/brace_062.jpg"
d0338ce26f8187dbefbf338d4779f246df92b023d34256ff1dad69cd2050545e,2,new_20260626+old_20260603,ブレース,data/raw_new_classes_20260630/extracted/1QoykPgS4pggCKbQ_8Cxebydpx7G3sdav/ブレース/e-00218.jpg
d0338ce26f8187dbefbf338d4779f246df92b023d34256ff1dad69cd2050545e,2,new_20260626+old_20260603,ブレース,"data/raw_new_classes_20260630/extracted/1uGRLTk7tVs8Lv0SOzTDRZ7Y7MNadZrtg/20260603_アノテーションモデル用データ_ブレース,柱脚/ブレース/brace_012.jpg"
d0e9a2b06b4cf0e32a60361968b6a3d78d465311162133e3cd2b5b579ce7ce9d,2,new_20260626+old_20260603,柱脚,data/raw_new_classes_20260630/extracted/1QoykPgS4pggCKbQ_8Cxebydpx7G3sdav/柱脚/f-00216.jpg
d0e9a2b06b4cf0e32a60361968b6a3d78d465311162133e3cd2b5b579ce7ce9d,2,new_20260626+old_20260603,柱脚,"data/raw_new_classes_20260630/extracted/1uGRLTk7tVs8Lv0SOzTDRZ7Y7MNadZrtg/20260603_アノテーションモデル用データ_ブレース,柱脚/柱脚/columnbase_006.jpg"
d125865e884fdc8db3b65facb23b3a80eb3b9a94361cb50882ea75536032d33c,2,new_20260626,ブレース,data/raw_new_classes_20260630/extracted/1QoykPgS4pggCKbQ_8Cxebydpx7G3sdav/ブレース/e-00170.jpg
d125865e884fdc8db3b65facb23b3a80eb3b9a94361cb50882ea75536032d33c,2,new_20260626,ブレース,data/raw_new_classes_20260630/extracted/1QoykPgS4pggCKbQ_8Cxebydpx7G3sdav/ブレース/e-00195.jpg
d593a14837745c490f79c66e178eb85706022bc8840d321e4744fc82c64aa9d1,2,new_20260626+old_20260603,柱脚,data/raw_new_classes_20260630/extracted/1QoykPgS4pggCKbQ_8Cxebydpx7G3sdav/柱脚/f-00310.jpg
d593a14837745c490f79c66e178eb85706022bc8840d321e4744fc82c64aa9d1,2,new_20260626+old_20260603,柱脚,"data/raw_new_classes_20260630/extracted/1uGRLTk7tVs8Lv0SOzTDRZ7Y7MNadZrtg/20260603_アノテーションモデル用データ_ブレース,柱脚/柱脚/columnbase_064.jpg"
d73a6cea78caf761c5089da0405f95630d61934850f30c2be0b4dc0222451514,2,new_20260626+old_20260603,柱脚,data/raw_new_classes_20260630/extracted/1QoykPgS4pggCKbQ_8Cxebydpx7G3sdav/柱脚/f-00247.jpg
d73a6cea78caf761c5089da0405f95630d61934850f30c2be0b4dc0222451514,2,new_20260626+old_20260603,柱脚,"data/raw_new_classes_20260630/extracted/1uGRLTk7tVs8Lv0SOzTDRZ7Y7MNadZrtg/20260603_アノテーションモデル用データ_ブレース,柱脚/柱脚/columnbase_037.jpg"
d97832cff005f13bf59798c38c0278786ffeadabdcd821959d09883e2f3253c6,2,new_20260626+old_20260603,ブレース,data/raw_new_classes_20260630/extracted/1QoykPgS4pggCKbQ_8Cxebydpx7G3sdav/ブレース/e-00232.jpg
d97832cff005f13bf59798c38c0278786ffeadabdcd821959d09883e2f3253c6,2,new_20260626+old_20260603,ブレース,"data/raw_new_classes_20260630/extracted/1uGRLTk7tVs8Lv0SOzTDRZ7Y7MNadZrtg/20260603_アノテーションモデル用データ_ブレース,柱脚/ブレース/brace_027.jpg"
da2761e2ce360f4031f6aa82b08d42e1677b44d69128fde55a396866541c7843,2,new_20260626+old_20260603,柱脚,data/raw_new_classes_20260630/extracted/1QoykPgS4pggCKbQ_8Cxebydpx7G3sdav/柱脚/f-00239.jpg
da2761e2ce360f4031f6aa82b08d42e1677b44d69128fde55a396866541c7843,2,new_20260626+old_20260603,柱脚,"data/raw_new_classes_20260630/extracted/1uGRLTk7tVs8Lv0SOzTDRZ7Y7MNadZrtg/20260603_アノテーションモデル用データ_ブレース,柱脚/柱脚/columnbase_029.jpg"
da7553c586b3e73dd90e215a86c698a6f230d08a3712a7b51db68724db403ee7,2,new_20260626+old_20260603,ブレース,data/raw_new_classes_20260630/extracted/1QoykPgS4pggCKbQ_8Cxebydpx7G3sdav/ブレース/e-00260.jpg
da7553c586b3e73dd90e215a86c698a6f230d08a3712a7b51db68724db403ee7,2,new_20260626+old_20260603,ブレース,"data/raw_new_classes_20260630/extracted/1uGRLTk7tVs8Lv0SOzTDRZ7Y7MNadZrtg/20260603_アノテーションモデル用データ_ブレース,柱脚/ブレース/brace_055.jpg"
dc220dbf634cfdcd84f48e51a1e3f6140fe5defa680e46394b597b57ff76ca62,2,new_20260626+old_20260603,柱脚,data/raw_new_classes_20260630/extracted/1QoykPgS4pggCKbQ_8Cxebydpx7G3sdav/柱脚/f-00238.jpg
dc220dbf634cfdcd84f48e51a1e3f6140fe5defa680e46394b597b57ff76ca62,2,new_20260626+old_20260603,柱脚,"data/raw_new_classes_20260630/extracted/1uGRLTk7tVs8Lv0SOzTDRZ7Y7MNadZrtg/20260603_アノテーションモデル用データ_ブレース,柱脚/柱脚/columnbase_028.jpg"
dcebd5e6d3b94b38bfed85b124e08a41148d987ab9b339916eede48601f72784,2,new_20260626+old_20260603,柱脚,data/raw_new_classes_20260630/extracted/1QoykPgS4pggCKbQ_8Cxebydpx7G3sdav/柱脚/f-00244.jpg
dcebd5e6d3b94b38bfed85b124e08a41148d987ab9b339916eede48601f72784,2,new_20260626+old_20260603,柱脚,"data/raw_new_classes_20260630/extracted/1uGRLTk7tVs8Lv0SOzTDRZ7Y7MNadZrtg/20260603_アノテーションモデル用データ_ブレース,柱脚/柱脚/columnbase_034.jpg"
dd0df61e67f7f19c04234ed2af62746783a09e7d85813304c65d95110343db06,2,new_20260626+old_20260603,ブレース,data/raw_new_classes_20260630/extracted/1QoykPgS4pggCKbQ_8Cxebydpx7G3sdav/ブレース/e-00217.jpg
dd0df61e67f7f19c04234ed2af62746783a09e7d85813304c65d95110343db06,2,new_20260626+old_20260603,ブレース,"data/raw_new_classes_20260630/extracted/1uGRLTk7tVs8Lv0SOzTDRZ7Y7MNadZrtg/20260603_アノテーションモデル用データ_ブレース,柱脚/ブレース/brace_011.jpg"
ddc7333d25677a9f867b07c1ff331f527edb7bd3ce2722afe4f07bb77f4b997e,2,new_20260626+old_20260603,ブレース,data/raw_new_classes_20260630/extracted/1QoykPgS4pggCKbQ_8Cxebydpx7G3sdav/ブレース/e-00380.jpg
ddc7333d25677a9f867b07c1ff331f527edb7bd3ce2722afe4f07bb77f4b997e,2,new_20260626+old_20260603,ブレース,"data/raw_new_classes_20260630/extracted/1uGRLTk7tVs8Lv0SOzTDRZ7Y7MNadZrtg/20260603_アノテーションモデル用データ_ブレース,柱脚/ブレース/brace_107.jpg"
e20f776c6db44fbfe53f5105c7e4a19298441d98b0e8553e3de44711eb9b96b5,2,new_20260626+old_20260603,ブレース,data/raw_new_classes_20260630/extracted/1QoykPgS4pggCKbQ_8Cxebydpx7G3sdav/ブレース/e-00266.jpg
e20f776c6db44fbfe53f5105c7e4a19298441d98b0e8553e3de44711eb9b96b5,2,new_20260626+old_20260603,ブレース,"data/raw_new_classes_20260630/extracted/1uGRLTk7tVs8Lv0SOzTDRZ7Y7MNadZrtg/20260603_アノテーションモデル用データ_ブレース,柱脚/ブレース/brace_061.jpg"
e3e5656ef095d5c8e9b7cdfd29187c1f635a6f1ea1a9e44e960aeeff5824d20f,2,new_20260626+old_20260603,ブレース,data/raw_new_classes_20260630/extracted/1QoykPgS4pggCKbQ_8Cxebydpx7G3sdav/ブレース/e-00376.jpg
e3e5656ef095d5c8e9b7cdfd29187c1f635a6f1ea1a9e44e960aeeff5824d20f,2,new_20260626+old_20260603,ブレース,"data/raw_new_classes_20260630/extracted/1uGRLTk7tVs8Lv0SOzTDRZ7Y7MNadZrtg/20260603_アノテーションモデル用データ_ブレース,柱脚/ブレース/brace_103.jpg"
e3ec7fa85dcca88c8f7f43f3ddec1901c53d928921b6122324c0fbfa783bb1b7,2,new_20260626,ブレース,data/raw_new_classes_20260630/extracted/1QoykPgS4pggCKbQ_8Cxebydpx7G3sdav/ブレース/e-00135.jpg
e3ec7fa85dcca88c8f7f43f3ddec1901c53d928921b6122324c0fbfa783bb1b7,2,new_20260626,ブレース,data/raw_new_classes_20260630/extracted/1QoykPgS4pggCKbQ_8Cxebydpx7G3sdav/ブレース/e-00196.jpg
e50d033c58335f5e1e526a6e00d571016b2606b5694a658547c2c1db7e4b72f8,2,new_20260626+old_20260603,柱脚,data/raw_new_classes_20260630/extracted/1QoykPgS4pggCKbQ_8Cxebydpx7G3sdav/柱脚/f-00228.jpg
e50d033c58335f5e1e526a6e00d571016b2606b5694a658547c2c1db7e4b72f8,2,new_20260626+old_20260603,柱脚,"data/raw_new_classes_20260630/extracted/1uGRLTk7tVs8Lv0SOzTDRZ7Y7MNadZrtg/20260603_アノテーションモデル用データ_ブレース,柱脚/柱脚/columnbase_018.jpg"
e65efe6d83776cb17e99a46b38e8abe367dd6377c66195cbf5c8ee21c785428a,2,new_20260626+old_20260603,柱脚,data/raw_new_classes_20260630/extracted/1QoykPgS4pggCKbQ_8Cxebydpx7G3sdav/柱脚/f-00321.jpg
e65efe6d83776cb17e99a46b38e8abe367dd6377c66195cbf5c8ee21c785428a,2,new_20260626+old_20260603,柱脚,"data/raw_new_classes_20260630/extracted/1uGRLTk7tVs8Lv0SOzTDRZ7Y7MNadZrtg/20260603_アノテーションモデル用データ_ブレース,柱脚/柱脚/columnbase_075.jpg"
eb930ea9243abfc6793a830f9b858480cfd1c0b10c94119f1c9628b7696a62b3,2,new_20260626+old_20260603,柱脚,data/raw_new_classes_20260630/extracted/1QoykPgS4pggCKbQ_8Cxebydpx7G3sdav/柱脚/f-00229.jpg
eb930ea9243abfc6793a830f9b858480cfd1c0b10c94119f1c9628b7696a62b3,2,new_20260626+old_20260603,柱脚,"data/raw_new_classes_20260630/extracted/1uGRLTk7tVs8Lv0SOzTDRZ7Y7MNadZrtg/20260603_アノテーションモデル用データ_ブレース,柱脚/柱脚/columnbase_019.jpg"
edd4048669e2d4a6db0a22057144fbd344e82c5b20e89385d832554b562972b5,2,new_20260626+old_20260603,柱脚,data/raw_new_classes_20260630/extracted/1QoykPgS4pggCKbQ_8Cxebydpx7G3sdav/柱脚/f-00219.jpg
edd4048669e2d4a6db0a22057144fbd344e82c5b20e89385d832554b562972b5,2,new_20260626+old_20260603,柱脚,"data/raw_new_classes_20260630/extracted/1uGRLTk7tVs8Lv0SOzTDRZ7Y7MNadZrtg/20260603_アノテーションモデル用データ_ブレース,柱脚/柱脚/columnbase_009.jpg"
ee6f1bdb9110f2988e375bfe2b30a2db754141361085814a690dd7fff1220b11,2,new_20260626+old_20260603,ブレース,data/raw_new_classes_20260630/extracted/1QoykPgS4pggCKbQ_8Cxebydpx7G3sdav/ブレース/e-00261.jpg
ee6f1bdb9110f2988e375bfe2b30a2db754141361085814a690dd7fff1220b11,2,new_20260626+old_20260603,ブレース,"data/raw_new_classes_20260630/extracted/1uGRLTk7tVs8Lv0SOzTDRZ7Y7MNadZrtg/20260603_アノテーションモデル用データ_ブレース,柱脚/ブレース/brace_056.jpg"
f139a5dd190ba59864e2eeb0401605a5a9bc7600f16f7b6da82f4c1f7db1b54a,2,new_20260626+old_20260603,柱脚,data/raw_new_classes_20260630/extracted/1QoykPgS4pggCKbQ_8Cxebydpx7G3sdav/柱脚/f-00319.jpg
f139a5dd190ba59864e2eeb0401605a5a9bc7600f16f7b6da82f4c1f7db1b54a,2,new_20260626+old_20260603,柱脚,"data/raw_new_classes_20260630/extracted/1uGRLTk7tVs8Lv0SOzTDRZ7Y7MNadZrtg/20260603_アノテーションモデル用データ_ブレース,柱脚/柱脚/columnbase_073.jpg"
f2e7913565521de00e80b4302e73f40749cbb8280db82acf1788b7d5fd51735a,2,new_20260626+old_20260603,ブレース,data/raw_new_classes_20260630/extracted/1QoykPgS4pggCKbQ_8Cxebydpx7G3sdav/ブレース/e-00256.jpg
f2e7913565521de00e80b4302e73f40749cbb8280db82acf1788b7d5fd51735a,2,new_20260626+old_20260603,ブレース,"data/raw_new_classes_20260630/extracted/1uGRLTk7tVs8Lv0SOzTDRZ7Y7MNadZrtg/20260603_アノテーションモデル用データ_ブレース,柱脚/ブレース/brace_051.jpg"
f2ead37e79a6e06aff182cf65963fac7e8aff335ad8bf9c84fbe74edbaf4e78a,2,new_20260626+old_20260603,柱脚,data/raw_new_classes_20260630/extracted/1QoykPgS4pggCKbQ_8Cxebydpx7G3sdav/柱脚/f-00226.jpg
f2ead37e79a6e06aff182cf65963fac7e8aff335ad8bf9c84fbe74edbaf4e78a,2,new_20260626+old_20260603,柱脚,"data/raw_new_classes_20260630/extracted/1uGRLTk7tVs8Lv0SOzTDRZ7Y7MNadZrtg/20260603_アノテーションモデル用データ_ブレース,柱脚/柱脚/columnbase_016.jpg"
f7c3baff34e036ca6ed5f759f5399c58f861c21e9931c55f0ccdac40eb283c92,2,new_20260626+old_20260603,ブレース,data/raw_new_classes_20260630/extracted/1QoykPgS4pggCKbQ_8Cxebydpx7G3sdav/ブレース/e-00280.jpg
f7c3baff34e036ca6ed5f759f5399c58f861c21e9931c55f0ccdac40eb283c92,2,new_20260626+old_20260603,ブレース,"data/raw_new_classes_20260630/extracted/1uGRLTk7tVs8Lv0SOzTDRZ7Y7MNadZrtg/20260603_アノテーションモデル用データ_ブレース,柱脚/ブレース/brace_075.jpg"
f7da089fbe87b410cda072ffa1a811c293cc2da67041f1b8b3512fb8ceac6534,2,new_20260626,ブレース,data/raw_new_classes_20260630/extracted/1QoykPgS4pggCKbQ_8Cxebydpx7G3sdav/ブレース/e-00155.jpg
f7da089fbe87b410cda072ffa1a811c293cc2da67041f1b8b3512fb8ceac6534,2,new_20260626,ブレース,data/raw_new_classes_20260630/extracted/1QoykPgS4pggCKbQ_8Cxebydpx7G3sdav/ブレース/e-00193.jpg
fa8340c2763a8c79fcdf5d049eb323a80b9622acb995cb72999c6e1f005fcfc7,2,new_20260626+old_20260603,柱脚,data/raw_new_classes_20260630/extracted/1QoykPgS4pggCKbQ_8Cxebydpx7G3sdav/柱脚/f-00263.jpg
fa8340c2763a8c79fcdf5d049eb323a80b9622acb995cb72999c6e1f005fcfc7,2,new_20260626+old_20260603,柱脚,"data/raw_new_classes_20260630/extracted/1uGRLTk7tVs8Lv0SOzTDRZ7Y7MNadZrtg/20260603_アノテーションモデル用データ_ブレース,柱脚/柱脚/columnbase_053.jpg"
fbe7d758f93769dbf408dbf839ab0339c7dc060825bafa4e98989525e6d81950,2,new_20260626+old_20260603,ブレース,data/raw_new_classes_20260630/extracted/1QoykPgS4pggCKbQ_8Cxebydpx7G3sdav/ブレース/e-00368.jpg
fbe7d758f93769dbf408dbf839ab0339c7dc060825bafa4e98989525e6d81950,2,new_20260626+old_20260603,ブレース,"data/raw_new_classes_20260630/extracted/1uGRLTk7tVs8Lv0SOzTDRZ7Y7MNadZrtg/20260603_アノテーションモデル用データ_ブレース,柱脚/ブレース/brace_095.jpg"
fe9efdccf838845734d8a2fdfe681c337ef8a440052aff8f9ae463ed3b6fc3f8,2,new_20260626+old_20260603,ブレース,data/raw_new_classes_20260630/extracted/1QoykPgS4pggCKbQ_8Cxebydpx7G3sdav/ブレース/e-00373.jpg
fe9efdccf838845734d8a2fdfe681c337ef8a440052aff8f9ae463ed3b6fc3f8,2,new_20260626+old_20260603,ブレース,"data/raw_new_classes_20260630/extracted/1uGRLTk7tVs8Lv0SOzTDRZ7Y7MNadZrtg/20260603_アノテーションモデル用データ_ブレース,柱脚/ブレース/brace_100.jpg"
ffd10df673fd208725af8efd889e07b06f1e71d95a3e6ef1aec4a29e20c18408,2,new_20260626+old_20260603,ブレース,data/raw_new_classes_20260630/extracted/1QoykPgS4pggCKbQ_8Cxebydpx7G3sdav/ブレース/e-00270.jpg
ffd10df673fd208725af8efd889e07b06f1e71d95a3e6ef1aec4a29e20c18408,2,new_20260626+old_20260603,ブレース,"data/raw_new_classes_20260630/extracted/1uGRLTk7tVs8Lv0SOzTDRZ7Y7MNadZrtg/20260603_アノテーションモデル用データ_ブレース,柱脚/ブレース/brace_065.jpg"
